TRACT,GEO_ID_LONG,GEO_ID_SHORT,TOTAL_POPULATION,EDUCATION 18 to 24 (ALL),EDUCATION 18 to 24 years (BACHELOR DEGREE OR HIGHER),EDUCATION 18 to 24 years (HIGH SCHOOL GRAD OR HIGHER),EDUCATION 18 to 24 years (LESS THAN HIGH SCHOOL),EDUCATION 18 to 24 years (SOME  COLLEGE),EDUCATION 25 years  (ALL),EDUCATION 25 years and over (9-12 GRADE),EDUCATION 25 years and over (ASSOCIATE DEGREE),EDUCATION 25 years and over (BACHELOR DEGREE),EDUCATION 25 years and over (BACHEOR DEGREE OR HIGHER),EDUCATION 25 years and over (GRADUATE DEGREE),EDUCATION 25 years and over (HIGH SCHOOL GRAD /W EQUIVALENCY),EDUCATION 25 years and over (HIGH SCHOOL OR HIGHER),EDUCATION 25 years and over (SOME COLLEGE NO DEGREE),ECONOMIC Total households (ALL),"ECONOMIC Total households ($10,000 to $14,999)","ECONOMIC Total households ($100,000 to $149,999)","ECONOMIC Total households ($15,000 to $24,999)","ECONOMIC Total households ($150,000 to $199,999)","ECONOMIC Total households ($200,000 or more)","ECONOMIC Total households ($25,000 to $34,999)","ECONOMIC Total households ($35,000 to $49,999)","ECONOMIC Total households ($50,000 to $74,999)","ECONOMIC Total households ($75,000 to $99,999)","ECONOMIC Total households (Less than $10,000)",ECONOMIC Total households (Mean household income),ECONOMIC Total households (Medican household income),ECONOMIC Total households (Snapincome),HEALTH Private Coverage (6 to 17),HEALTH Private Coverage (18 to 24),HEALTH Private Coverage (25 TO 34),HEALTH Private Coverage (35 TO 44),HEALTH Private Coverage (45 TO 54),HEALTH Private Coverage (55 TO 64),HEALTH Private Coverage (65 TO 74),HEALTH Private Coverage (75 AND UP),HEALTH Public Coverage (6 to 17),HEALTH Public Coverage (18 to 24),HEALTH Public Coverage (25 TO 34),HEALTH Public Coverage (35 TO 44),HEALTH Public Coverage (45 TO 54),HEALTH Public Coverage (55 TO 64),HEALTH Public Coverage (65 TO 74),HEALTH Public Coverage (75 AND UP),RACE (ALL),RACE (LATINO),RACE (AMERICAN INDIAN),RACE (ASIAN),RACE (AFRICAN AMERICAN),RACE (PACIFIC ISLANDER),RACE (OTHER),RACE (2 OR MORE),RACE (WHITE)
"Census Tract 1, Sacramento County, California",1400000US06067000100,6067000100,3720,173,8,7,0,158,2901,17,192,1046,1832,786,366,2855,465,1731,61,385,40,248,241,88,164,234,192,78,113974,100787,25,423,78,607,387,416,484,278,280,443,100,647,413,483,560,439,323,3815,376,36,78,28,0,11,112,3174
"Census Tract 2, Sacramento County, California",1400000US06067000200,6067000200,3767,90,17,10,12,51,2992,28,206,985,1981,996,273,2942,482,1782,46,410,112,242,353,49,117,168,233,52,132611,107134,30,413,98,471,573,454,676,243,198,421,116,490,601,487,796,296,238,3824,568,0,190,2,0,18,188,2858
"Census Tract 3, Sacramento County, California",1400000US06067000300,6067000300,3085,115,20,37,32,26,2647,24,128,993,2010,1017,162,2615,315,1592,8,412,37,162,329,38,149,228,191,38,136437,115104,34,272,76,317,584,290,568,342,189,280,106,324,630,325,603,373,237,3399,437,27,213,44,88,10,84,2496
"Census Tract 4, Sacramento County, California",1400000US06067000400,6067000400,3974,253,163,39,0,51,3333,52,190,1243,2066,823,304,3177,617,2273,93,401,270,110,151,147,202,459,324,116,82925,67924,129,102,221,1084,416,267,313,155,129,120,351,1495,541,339,448,269,169,3851,699,51,99,307,0,0,227,2468
"Census Tract 5, Sacramento County, California",1400000US06067000500,6067000500,3230,462,215,77,19,151,2388,122,118,770,1155,385,338,2164,553,1748,214,291,166,48,91,92,249,203,234,160,82286,48906,219,74,362,720,237,154,186,49,25,252,506,1221,350,230,291,176,65,3134,833,38,117,237,21,8,141,1739
"Census Tract 6, Sacramento County, California",1400000US06067000600,6067000600,1280,153,62,22,0,69,911,39,101,122,264,142,136,777,276,633,50,39,183,20,24,41,71,67,62,76,51692,30050,19,5,89,225,47,84,53,32,4,107,157,376,95,239,115,74,25,1131,281,0,45,151,3,0,32,619
"Census Tract 7, Sacramento County, California",1400000US06067000700,6067000700,2494,349,5,99,179,66,2255,403,150,211,290,79,605,1570,525,568,241,5,131,9,0,21,15,16,15,115,19817,12387,100,0,6,21,0,25,21,63,10,0,6,21,0,42,76,237,230,2604,499,35,428,858,0,34,80,670
"Census Tract 8, Sacramento County, California",1400000US06067000800,6067000800,1552,90,50,10,0,30,1557,25,103,566,862,296,182,1508,361,1097,83,252,89,122,52,100,63,159,65,112,82266,70029,38,48,58,477,132,128,97,102,134,51,63,529,142,208,173,155,193,1699,141,0,155,153,0,0,56,1194
"Census Tract 11.01, Sacramento County, California",1400000US06067001101,6067001101,2212,198,74,63,0,61,1970,146,141,664,1056,392,250,1776,329,1687,437,246,154,58,143,92,197,136,105,119,77058,38109,196,9,57,407,242,130,218,67,35,78,171,553,407,305,387,179,46,2366,331,40,181,363,0,89,44,1318
"Census Tract 12, Sacramento County, California",1400000US06067001200,6067001200,3187,259,130,42,5,82,2890,62,214,1213,1781,568,183,2728,550,2602,363,298,254,117,93,257,289,414,253,264,60023,45184,158,53,226,922,273,208,211,100,49,80,254,1129,289,335,520,337,139,3314,576,37,174,304,0,0,84,2139
"Census Tract 13, Sacramento County, California",1400000US06067001300,6067001300,3057,406,237,50,0,119,2612,66,157,1000,1572,572,165,2514,620,2077,95,239,124,89,80,245,254,540,246,165,76257,53913,107,50,330,1118,392,116,103,73,39,50,398,1417,538,209,119,133,62,3175,583,35,257,225,25,0,114,1936
"Census Tract 14, Sacramento County, California",1400000US06067001400,6067001400,2453,135,80,0,0,55,2167,99,102,788,1310,522,155,2012,445,1732,190,138,234,24,179,180,259,286,143,99,78517,42292,110,100,173,623,163,195,84,144,123,126,188,822,194,271,245,243,256,2458,249,0,270,129,0,0,101,1709
"Census Tract 15, Sacramento County, California",1400000US06067001500,6067001500,4887,83,17,17,10,39,3949,45,234,1513,2616,1103,299,3832,683,2327,47,604,97,219,374,77,105,287,431,86,115798,101060,28,508,143,843,584,657,513,327,154,530,161,945,736,734,525,515,227,4851,599,0,309,159,0,0,239,3545
"Census Tract 16, Sacramento County, California",1400000US06067001600,6067001600,6029,510,18,261,35,196,4188,13,313,1540,2611,1071,539,4144,681,2564,54,453,172,321,527,118,266,375,214,64,132182,101105,54,632,316,909,813,838,700,331,250,663,408,1110,854,910,789,398,384,5978,1277,0,375,77,0,0,315,3934
"Census Tract 17, Sacramento County, California",1400000US06067001700,6067001700,5593,526,53,22,0,451,4133,217,320,1308,2002,694,423,3642,897,2551,360,509,164,134,161,153,145,314,287,324,77107,59120,116,380,731,1090,577,519,354,228,191,464,852,1163,729,681,517,418,465,5363,693,0,499,40,0,0,236,3895
"Census Tract 18, Sacramento County, California",1400000US06067001800,6067001800,4821,290,17,158,15,100,3939,366,266,1006,1817,811,559,3445,803,2347,102,351,312,183,74,172,337,385,332,99,74825,54702,191,199,112,1012,473,366,383,177,58,423,239,1412,662,547,697,293,84,4846,999,0,556,624,15,0,129,2523
"Census Tract 19, Sacramento County, California",1400000US06067001900,6067001900,3083,370,155,48,23,144,2304,61,193,723,1186,463,260,2153,514,1652,85,198,193,64,102,144,171,441,145,109,73054,55650,71,174,271,812,405,196,177,49,60,260,321,1028,599,272,321,95,83,3044,626,0,243,113,0,10,145,1907
"Census Tract 20, Sacramento County, California",1400000US06067002000,6067002000,2472,240,99,34,7,100,2308,160,201,505,812,307,354,1840,473,1384,58,126,206,39,100,151,152,284,188,80,72968,55698,108,60,164,607,232,51,102,79,43,109,207,858,348,259,302,171,98,2764,530,26,806,110,0,21,201,1070
"Census Tract 21, Sacramento County, California",1400000US06067002100,6067002100,2501,120,36,21,27,36,1783,60,115,468,720,252,168,1528,525,1071,49,156,186,9,25,46,157,207,199,37,65673,57031,51,215,81,504,273,149,119,0,0,330,244,713,316,280,299,110,91,2244,366,0,735,163,0,18,52,910
"Census Tract 22, Sacramento County, California",1400000US06067002200,6067002200,4284,304,0,46,56,202,2851,263,153,599,1070,471,519,2415,673,1850,342,214,211,151,152,136,94,234,94,222,69745,36458,543,250,47,313,267,288,341,142,89,792,317,732,406,450,466,255,160,4920,1236,0,713,930,324,0,291,1426
"Census Tract 23, Sacramento County, California",1400000US06067002300,6067002300,3389,203,32,40,23,108,2570,31,155,887,1860,973,110,2520,395,1629,42,476,77,260,234,10,57,187,255,31,134223,115071,0,340,146,380,398,546,541,306,102,365,157,566,440,572,572,400,125,3342,666,0,178,55,0,13,229,2201
"Census Tract 24, Sacramento County, California",1400000US06067002400,6067002400,4382,185,31,10,18,126,3560,18,313,1409,2432,1023,149,3510,616,2011,12,430,56,365,505,103,29,256,214,41,199370,132689,41,518,67,308,462,737,632,502,306,529,67,397,524,754,695,552,531,4685,440,0,227,135,0,0,263,3620
"Census Tract 25, Sacramento County, California",1400000US06067002500,6067002500,1533,67,17,10,4,36,1252,32,86,423,895,472,30,1212,201,695,11,163,6,104,155,33,36,74,101,12,150252,118977,27,235,68,116,180,185,263,170,106,235,72,116,205,185,268,221,120,1551,198,5,113,48,0,0,30,1157
"Census Tract 26, Sacramento County, California",1400000US06067002600,6067002600,2676,134,32,22,16,64,2101,4,199,735,1408,673,61,2022,354,1248,10,288,54,124,136,68,174,174,165,55,106481,83721,56,304,34,387,452,288,411,146,65,304,109,487,463,319,470,190,90,2714,355,0,280,127,13,4,125,1810
"Census Tract 27, Sacramento County, California",1400000US06067002700,6067002700,3425,339,115,90,29,105,2502,239,181,504,790,286,405,2176,800,1466,149,146,206,60,64,211,163,227,111,129,59471,41522,314,173,219,398,337,311,249,59,53,489,391,658,512,538,433,137,81,3430,1082,19,158,821,0,36,145,1169
"Census Tract 28, Sacramento County, California",1400000US06067002800,6067002800,3453,429,13,140,64,212,2165,185,256,183,295,112,639,1624,434,1119,167,92,236,4,6,55,143,215,144,57,47049,42386,385,156,73,231,81,149,55,30,34,655,401,612,405,425,290,140,122,3640,1259,106,225,1037,0,0,209,804
"Census Tract 29, Sacramento County, California",1400000US06067002900,6067002900,5187,201,28,0,34,139,3713,117,414,980,1645,665,445,3350,846,2331,94,328,193,95,91,192,332,426,452,128,79916,62609,41,373,137,675,603,518,634,205,308,541,327,852,744,736,733,363,487,4586,1211,0,225,80,0,0,214,2856
"Census Tract 30, Sacramento County, California",1400000US06067003000,6067003000,7270,916,155,179,112,470,5163,308,532,675,1327,652,1044,4499,1596,2768,88,484,221,153,78,144,420,717,400,63,82210,62971,310,403,1325,761,393,704,565,373,253,675,1437,1065,815,935,926,535,381,7318,2299,0,601,552,210,0,359,3297
"Census Tract 31.01, Sacramento County, California",1400000US06067003101,6067003101,3427,498,0,309,65,124,2156,228,185,181,341,160,637,1649,486,1196,31,170,158,29,14,120,196,284,160,34,62540,57256,173,176,148,243,182,164,182,151,91,618,441,473,478,315,411,271,117,3552,2063,2,192,127,5,33,62,1068
"Census Tract 31.02, Sacramento County, California",1400000US06067003102,6067003102,3063,283,19,93,5,166,2035,226,239,256,332,76,544,1666,551,997,66,76,89,28,19,120,135,273,150,41,60909,53850,146,265,126,238,205,257,159,143,144,686,279,447,423,338,270,174,172,3108,1320,0,197,283,19,0,290,999
"Census Tract 32.02, Sacramento County, California",1400000US06067003202,6067003202,5222,546,49,258,74,165,3214,466,317,320,387,67,938,2163,521,1658,249,139,287,77,7,137,229,204,165,164,49319,33947,510,316,260,186,254,249,368,216,138,898,759,607,759,515,651,317,275,5167,1695,15,1553,336,0,400,194,974
"Census Tract 32.03, Sacramento County, California",1400000US06067003203,6067003203,3145,389,13,77,81,218,1676,212,115,159,171,12,464,987,237,691,60,57,84,0,0,152,147,83,84,24,47352,37552,146,204,201,105,147,266,107,36,38,754,478,270,428,454,282,93,122,2828,612,0,1298,260,233,109,94,222
"Census Tract 32.04, Sacramento County, California",1400000US06067003204,6067003204,5414,515,15,167,115,218,3428,494,190,207,281,74,1069,2021,481,1474,106,172,240,11,38,166,279,243,90,129,52567,38344,393,181,117,451,221,206,209,85,80,963,617,1105,532,719,588,341,248,5428,1932,15,2278,365,71,134,80,553
"Census Tract 33, Sacramento County, California",1400000US06067003300,6067003300,4366,234,24,85,16,109,3228,100,240,1030,1800,770,397,3059,622,1927,82,303,133,257,269,89,214,323,257,0,133898,87563,91,570,157,361,362,454,745,336,471,676,209,439,436,575,783,487,517,4458,684,23,753,195,0,19,151,2633
"Census Tract 34, Sacramento County, California",1400000US06067003400,6067003400,4350,286,0,99,8,179,3098,153,267,805,1155,350,615,2740,703,1734,107,245,233,216,140,102,116,359,142,74,89663,64545,159,307,192,198,383,337,627,221,545,586,358,370,574,548,744,274,672,4119,1021,44,579,374,57,43,116,1885
"Census Tract 35.01, Sacramento County, California",1400000US06067003501,6067003501,2494,189,19,25,0,145,1917,184,204,366,559,193,273,1665,629,1255,104,160,117,39,28,105,109,252,199,142,62027,60014,139,196,156,288,252,190,203,126,230,277,258,410,342,310,309,147,249,2526,711,0,373,124,0,16,73,1229
"Census Tract 35.02, Sacramento County, California",1400000US06067003502,6067003502,2723,185,0,45,24,116,2003,84,181,491,693,202,491,1793,428,1218,58,208,127,78,49,123,139,198,150,88,74549,61000,91,173,114,205,303,186,381,122,197,323,170,297,434,258,501,270,257,2777,699,0,539,145,0,12,130,1252
"Census Tract 36, Sacramento County, California",1400000US06067003600,6067003600,3060,299,9,51,59,180,1833,225,142,222,363,141,460,1434,469,1010,98,93,151,3,16,79,168,225,139,38,54237,45486,161,246,207,201,197,269,143,95,49,656,303,392,441,437,290,218,126,2821,1406,16,184,145,94,9,74,893
"Census Tract 37, Sacramento County, California",1400000US06067003700,6067003700,3952,355,0,127,82,146,2605,367,146,240,324,84,744,1793,579,1346,138,73,223,19,9,194,203,197,115,175,41684,32232,371,136,122,236,177,97,192,59,30,694,398,683,494,457,486,170,125,4301,2199,0,900,331,48,0,122,701
"Census Tract 38, Sacramento County, California",1400000US06067003800,6067003800,6051,716,8,112,298,298,3632,271,296,343,585,242,1373,3049,795,1796,106,253,190,62,41,279,235,318,247,65,63565,50564,365,425,353,423,492,494,311,173,314,1100,596,756,876,792,577,418,387,5615,2247,5,769,1401,146,0,144,903
"Census Tract 39, Sacramento County, California",1400000US06067003900,6067003900,3399,206,19,25,32,130,2605,35,334,615,1165,550,344,2394,551,1573,40,242,106,138,172,101,171,287,233,83,96872,74464,76,242,159,341,287,531,292,270,316,397,187,381,437,626,347,312,397,3372,898,0,640,120,4,0,148,1562
"Census Tract 40.01, Sacramento County, California",1400000US06067004001,6067004001,5306,365,68,64,33,200,4504,208,419,1120,1648,528,746,4105,1292,2718,123,450,183,110,175,226,395,596,316,144,75576,60533,67,365,480,422,479,559,632,370,567,507,525,536,646,664,925,577,674,5860,1697,0,1403,742,0,0,296,1722
"Census Tract 40.04, Sacramento County, California",1400000US06067004004,6067004004,6569,432,93,143,80,116,4787,86,459,1465,2250,785,763,4502,1030,2668,12,587,205,433,158,126,245,475,390,37,100738,89952,104,785,400,657,752,740,846,746,500,846,499,878,840,916,946,861,649,6172,1034,0,1561,612,0,43,306,2616
"Census Tract 40.05, Sacramento County, California",1400000US06067004005,6067004005,4190,452,89,68,80,215,3403,210,411,854,1401,547,467,3039,760,1893,148,349,111,128,165,184,172,298,250,88,91883,71623,127,336,323,309,253,393,618,491,263,406,399,460,382,470,754,598,432,4320,639,0,1130,674,0,5,238,1634
"Census Tract 40.06, Sacramento County, California",1400000US06067004006,6067004006,5028,323,0,166,82,75,3736,56,435,1009,1403,394,697,3632,1097,2367,40,205,142,86,153,250,284,571,448,188,78363,59003,148,544,251,596,402,460,563,342,415,746,382,732,524,496,700,465,542,5308,786,0,1300,1053,0,0,664,1505
"Census Tract 40.08, Sacramento County, California",1400000US06067004008,6067004008,3750,255,11,81,32,131,2781,46,311,759,1222,463,354,2615,728,1561,42,432,41,154,95,112,166,243,201,75,93613,88199,41,467,132,401,424,514,537,237,81,603,181,497,467,596,582,348,197,3787,855,0,964,237,0,22,177,1532
"Census Tract 40.09, Sacramento County, California",1400000US06067004009,6067004009,4891,332,26,115,2,189,3567,99,479,922,1533,611,543,3374,819,2130,99,335,228,209,94,102,140,435,381,107,86118,69868,30,370,159,652,540,710,651,391,333,446,422,762,574,768,727,427,333,4698,1062,27,1503,521,0,0,278,1307
"Census Tract 40.10, Sacramento County, California",1400000US06067004010,6067004010,5129,243,16,82,14,131,4262,243,432,1279,1929,650,757,3902,784,2526,173,214,215,243,137,141,503,421,373,106,77297,56723,264,472,378,319,288,476,715,188,400,810,394,658,632,762,828,256,452,5670,1068,8,1226,1124,151,115,346,1632
"Census Tract 40.11, Sacramento County, California",1400000US06067004011,6067004011,2965,190,20,13,25,132,2438,57,161,880,1529,649,252,2277,335,1407,50,247,21,285,322,75,56,156,139,56,157157,124145,18,314,203,184,288,462,631,203,183,364,203,269,309,479,658,231,317,3134,297,9,1292,180,21,0,59,1276
"Census Tract 40.12, Sacramento County, California",1400000US06067004012,6067004012,3531,247,93,57,9,88,2522,95,286,811,1481,670,135,2392,490,1382,37,283,36,265,183,58,74,192,176,78,116654,102083,42,321,300,360,247,583,611,271,60,366,387,465,277,598,622,372,132,3436,793,0,971,271,0,0,171,1230
"Census Tract 41, Sacramento County, California",1400000US06067004100,6067004100,5177,455,49,143,36,227,3417,278,364,321,434,113,1037,2650,815,1622,158,127,189,48,55,240,319,274,93,119,52618,40872,329,273,52,371,146,151,269,87,182,948,426,756,513,619,618,351,352,5162,1613,0,1874,811,113,0,61,690
"Census Tract 42.01, Sacramento County, California",1400000US06067004201,6067004201,5612,275,27,136,28,84,3906,433,342,346,464,118,1077,2779,896,1608,90,275,181,90,7,156,250,275,219,65,63845,55187,268,451,181,601,279,208,321,198,181,1179,488,940,695,470,620,406,381,5960,2654,0,851,1355,0,34,255,811
"Census Tract 42.02, Sacramento County, California",1400000US06067004202,6067004202,5784,575,36,139,108,292,4008,459,507,315,414,99,942,2879,1016,1715,147,166,247,75,13,156,266,308,238,99,57392,45402,337,388,314,258,288,385,224,284,156,951,800,532,560,781,526,523,400,6259,2755,43,1199,1256,89,33,208,676
"Census Tract 42.03, Sacramento County, California",1400000US06067004203,6067004203,5528,593,8,255,49,281,2997,215,164,274,322,48,1034,2338,818,1575,79,78,225,35,17,217,280,289,144,211,47019,38295,653,297,294,339,260,246,237,93,127,1157,644,947,620,592,385,266,174,5618,1874,0,1387,1244,226,18,351,518
"Census Tract 43, Sacramento County, California",1400000US06067004300,6067004300,9143,1025,0,411,147,467,5197,511,463,387,558,171,1735,3985,1229,2453,128,79,266,106,30,354,492,538,300,160,54463,46190,530,878,420,842,375,639,320,236,97,2154,957,1642,885,932,707,582,192,9159,2267,0,2771,2059,573,0,701,788
"Census Tract 44.01, Sacramento County, California",1400000US06067004401,6067004401,3813,211,10,113,12,76,2624,368,137,179,219,40,843,1789,590,1289,184,54,268,11,0,81,182,261,128,120,42515,33068,243,233,77,207,85,245,188,126,42,570,319,517,440,630,539,341,179,3757,1321,0,740,777,0,19,170,730
"Census Tract 44.02, Sacramento County, California",1400000US06067004402,6067004402,4679,289,0,148,45,96,2655,381,59,232,284,52,721,1562,498,1243,166,36,189,15,8,141,242,276,27,143,43370,33380,413,140,125,196,58,164,132,52,99,1023,487,935,487,407,344,230,155,4426,1879,0,1092,597,0,101,209,548
"Census Tract 45.01, Sacramento County, California",1400000US06067004501,6067004501,3236,455,19,189,76,171,2148,308,140,58,74,16,626,1247,407,1042,109,50,227,1,0,229,102,130,77,117,36723,28775,279,270,79,172,81,97,130,10,47,555,366,589,377,352,402,131,123,3470,1810,0,935,326,26,26,49,298
"Census Tract 45.02, Sacramento County, California",1400000US06067004502,6067004502,5162,525,20,173,114,218,3054,342,235,162,239,77,1060,2087,553,1710,210,160,214,18,19,236,369,168,93,223,47040,33333,500,362,85,264,168,270,207,139,94,1208,577,783,647,594,419,196,179,5472,2527,32,807,1048,108,236,223,491
"Census Tract 46.01, Sacramento County, California",1400000US06067004601,6067004601,7861,975,0,235,285,455,4531,623,239,155,228,73,1565,3168,1136,2395,214,59,376,27,30,398,472,356,196,267,42863,33083,713,294,313,242,247,365,142,224,101,1439,1004,1328,924,741,770,420,190,7618,2168,0,1515,1403,74,633,546,1279
"Census Tract 46.02, Sacramento County, California",1400000US06067004602,6067004602,4931,419,29,121,92,177,2966,480,141,183,235,52,825,1819,618,1530,200,47,287,0,19,138,428,171,108,132,39894,35256,605,201,85,216,245,300,271,90,58,850,391,819,726,613,551,204,193,5423,3048,30,455,318,108,184,193,1087
"Census Tract 47.01, Sacramento County, California",1400000US06067004701,6067004701,3568,297,0,113,96,88,1759,287,126,79,79,0,397,980,378,1007,55,91,192,17,10,125,150,135,69,163,44893,32288,316,211,71,231,169,213,62,31,49,738,372,554,523,400,215,116,147,3246,1139,18,701,403,89,107,358,431
"Census Tract 47.02, Sacramento County, California",1400000US06067004702,6067004702,5470,550,0,142,118,290,2951,503,141,154,181,27,906,1980,752,1506,129,65,311,41,4,108,298,277,113,160,43351,37045,438,158,204,359,123,181,148,94,78,1158,683,912,698,540,350,226,138,5271,2283,26,1252,1048,24,0,174,464
"Census Tract 48.01, Sacramento County, California",1400000US06067004801,6067004801,5624,424,13,244,36,131,4125,425,321,398,436,38,1113,2833,963,1737,138,85,212,66,17,275,212,310,301,121,54716,45404,305,173,161,296,494,259,264,212,163,804,603,654,900,704,690,488,318,5943,1271,0,2773,542,194,0,349,814
"Census Tract 48.02, Sacramento County, California",1400000US06067004802,6067004802,4745,391,31,83,23,254,3228,415,238,183,247,64,1017,2350,848,1444,139,128,212,37,0,269,159,202,185,113,48411,33690,390,261,120,264,159,350,305,133,53,999,505,637,362,822,554,343,152,4970,1835,19,1505,579,107,57,187,681
"Census Tract 49.03, Sacramento County, California",1400000US06067004903,6067004903,6915,1182,51,224,282,625,4093,423,436,377,479,102,1278,2955,762,2041,223,145,246,22,0,224,290,441,281,169,49846,40612,649,327,506,491,266,514,182,145,59,1525,1095,945,795,932,660,285,128,7300,1638,33,1699,1608,784,76,474,988
"Census Tract 49.04, Sacramento County, California",1400000US06067004904,6067004904,5892,435,16,114,56,249,3846,213,322,413,560,147,1192,3332,1258,1704,83,153,138,114,65,204,246,423,174,104,68869,55821,247,437,306,471,332,462,283,273,190,1075,543,973,804,666,583,477,357,5625,1922,0,989,809,146,0,421,1338
"Census Tract 49.05, Sacramento County, California",1400000US06067004905,6067004905,7067,742,0,264,226,252,4322,506,245,456,680,224,1304,3317,1088,2309,162,241,486,16,39,301,311,314,298,141,52387,44009,516,457,247,221,592,330,478,283,209,1266,743,859,1034,598,737,583,416,7290,3128,0,927,1549,524,0,106,1056
"Census Tract 49.06, Sacramento County, California",1400000US06067004906,6067004906,3079,314,0,151,60,103,1933,203,105,173,198,25,654,1481,524,883,36,136,74,29,4,102,139,217,106,40,61710,54263,167,195,128,242,177,245,184,108,39,551,260,485,322,476,386,227,111,3139,980,0,742,886,95,0,92,344
"Census Tract 50.01, Sacramento County, California",1400000US06067005001,6067005001,8980,916,87,327,154,348,5316,860,421,559,663,104,1299,3611,1228,2370,141,212,481,27,95,220,342,334,333,185,57474,40801,553,268,344,461,402,429,549,257,237,1583,1054,1165,1063,1011,1163,449,608,8467,2860,112,3287,871,105,0,154,1078
"Census Tract 50.02, Sacramento County, California",1400000US06067005002,6067005002,6151,291,24,105,42,120,4575,392,374,288,462,174,1326,3353,1191,2363,343,67,299,0,35,286,420,531,181,201,46584,35810,653,182,118,417,266,258,344,333,279,765,346,1146,572,757,929,661,404,6971,2616,178,1411,1099,0,0,112,1555
"Census Tract 51.01, Sacramento County, California",1400000US06067005101,6067005101,4288,445,7,156,71,211,2614,312,209,148,192,44,790,1812,621,1262,110,108,197,14,0,145,202,238,92,156,44659,38750,291,211,113,219,124,253,146,135,99,725,408,557,538,655,394,351,162,4107,1288,8,1123,578,230,0,291,589
"Census Tract 51.02, Sacramento County, California",1400000US06067005102,6067005102,4781,562,26,247,53,236,3162,297,262,267,355,88,1049,2524,858,1645,130,152,206,70,9,207,267,314,226,64,56618,43750,319,263,281,246,321,213,355,205,251,796,447,620,663,469,641,386,400,4753,1432,0,1239,327,11,101,248,1395
"Census Tract 52.01, Sacramento County, California",1400000US06067005201,6067005201,3370,2530,69,380,51,2030,799,48,106,301,353,52,71,722,192,845,167,40,116,6,0,131,125,58,30,172,30116,21650,127,61,1826,303,55,30,24,3,4,101,2332,548,112,70,50,4,17,3506,1274,5,396,672,14,35,118,992
"Census Tract 52.02, Sacramento County, California",1400000US06067005202,6067005202,3244,793,41,41,0,711,2256,32,265,554,1032,478,291,2183,595,1467,50,407,105,119,109,72,162,141,199,103,91472,86422,61,282,479,322,342,209,345,313,183,307,681,468,384,240,385,376,259,3642,1056,0,172,107,0,0,106,2201
"Census Tract 52.04, Sacramento County, California",1400000US06067005204,6067005204,4307,313,28,99,13,173,3140,49,282,819,1423,604,523,2983,755,1881,95,436,142,120,101,128,176,325,279,79,84254,74408,109,328,244,391,585,369,432,393,327,499,335,485,718,427,481,553,458,4383,725,19,363,266,13,0,232,2765
"Census Tract 52.05, Sacramento County, California",1400000US06067005205,6067005205,1925,563,74,108,0,381,1268,103,155,447,544,97,178,1136,259,948,60,42,152,27,19,137,135,104,113,159,46013,31782,46,104,291,148,220,67,139,120,74,174,483,188,279,106,232,221,112,1959,505,0,287,184,0,0,66,917
"Census Tract 53.01, Sacramento County, California",1400000US06067005301,6067005301,1262,96,17,7,25,47,892,163,25,45,67,22,327,703,284,503,163,0,63,0,5,147,19,12,32,62,31640,20795,241,0,11,32,32,9,10,28,0,248,85,258,100,154,144,58,8,1462,391,0,35,603,0,0,30,403
"Census Tract 54.02, Sacramento County, California",1400000US06067005402,6067005402,2534,354,71,27,6,250,1750,26,219,379,837,458,297,1715,362,1495,122,117,154,0,39,135,241,349,131,207,51065,42846,35,31,602,436,246,109,133,29,199,98,704,681,296,167,172,71,269,2399,634,9,393,81,0,0,69,1213
"Census Tract 54.03, Sacramento County, California",1400000US06067005403,6067005403,2380,654,44,49,12,549,1600,9,85,589,1076,487,162,1591,268,1289,41,251,51,158,80,85,113,156,154,200,89761,74732,10,66,474,97,112,173,330,334,362,81,597,184,112,185,350,422,421,2371,595,0,159,122,0,9,9,1477
"Census Tract 54.04, Sacramento County, California",1400000US06067005404,6067005404,5245,650,68,123,59,400,4039,102,246,1547,2769,1222,269,3876,592,2578,34,367,106,200,661,110,214,297,354,235,157429,90739,95,589,511,399,406,716,615,436,667,657,675,476,483,776,705,567,709,5496,528,67,526,78,0,0,218,4079
"Census Tract 55.02, Sacramento County, California",1400000US06067005502,6067005502,5417,599,25,261,74,239,3511,422,289,492,613,121,1117,2731,712,2060,271,165,393,20,13,282,304,238,175,199,42477,30233,566,179,206,500,287,335,363,129,132,926,662,1101,670,634,584,213,176,5644,2831,0,286,651,0,0,215,1661
"Census Tract 55.05, Sacramento County, California",1400000US06067005505,6067005505,5555,486,0,203,110,173,3570,417,378,534,774,240,744,2777,881,2200,282,205,267,58,13,377,349,206,100,343,42772,31309,515,249,340,395,221,231,418,142,76,913,490,1025,615,454,725,390,285,5967,1815,6,160,944,0,0,427,2615
"Census Tract 55.06, Sacramento County, California",1400000US06067005506,6067005506,3285,620,102,86,23,409,2187,187,81,383,476,93,819,1772,396,1378,178,59,250,0,0,130,178,219,164,200,38362,29250,430,228,212,398,193,117,84,46,44,573,413,818,458,329,212,114,75,3748,1196,0,191,833,0,11,277,1240
"Census Tract 55.08, Sacramento County, California",1400000US06067005508,6067005508,3430,558,114,70,64,310,2398,145,233,559,940,381,428,2177,576,1858,106,199,249,55,34,204,286,342,140,243,56076,38925,182,48,423,628,219,338,255,145,85,167,514,896,329,476,314,184,166,3400,826,31,394,424,0,29,155,1541
"Census Tract 55.09, Sacramento County, California",1400000US06067005509,6067005509,1799,589,78,122,34,355,1263,59,143,336,428,92,283,1188,334,964,60,44,82,27,0,167,158,179,76,171,43148,35125,150,49,346,196,111,100,97,24,14,130,510,413,266,150,128,76,36,2087,473,0,414,347,0,0,35,818
"Census Tract 55.10, Sacramento County, California",1400000US06067005510,6067005510,4597,589,70,80,109,330,3429,125,244,984,1215,231,770,3116,887,2470,199,176,446,57,24,155,655,467,90,201,47823,41825,369,70,483,1024,246,117,152,193,70,253,766,1579,272,425,283,326,183,5070,1607,42,446,666,0,90,283,1936
"Census Tract 56.01, Sacramento County, California",1400000US06067005601,6067005601,4896,253,18,81,58,96,3833,316,388,755,1120,365,987,3348,853,2377,299,295,349,98,17,302,256,303,232,226,54203,37083,538,147,51,189,365,515,361,367,314,575,337,619,423,677,599,497,502,5321,515,11,572,974,0,0,124,3125
"Census Tract 56.05, Sacramento County, California",1400000US06067005605,6067005605,3476,427,9,131,60,227,2208,120,140,486,663,177,570,1898,525,1361,84,195,136,67,27,104,164,301,187,96,65678,54066,351,363,110,232,277,264,254,135,92,626,395,480,460,381,325,223,114,3966,1132,0,339,555,0,12,192,1736
"Census Tract 56.06, Sacramento County, California",1400000US06067005606,6067005606,4478,386,130,95,24,137,3094,120,460,718,1266,548,689,2920,505,1836,44,243,82,61,238,232,236,373,222,105,103927,67819,74,468,315,473,435,590,453,244,199,570,362,827,480,648,633,383,258,4204,754,0,340,131,0,16,89,2874
"Census Tract 57.01, Sacramento County, California",1400000US06067005701,6067005701,3050,192,31,30,0,131,2335,17,359,625,1069,444,446,2298,424,1243,12,319,68,117,127,49,94,254,193,10,127275,90402,62,498,235,135,287,484,436,271,172,553,247,163,301,543,497,354,251,3227,418,0,201,220,15,0,215,2158
"Census Tract 57.02, Sacramento County, California",1400000US06067005702,6067005702,4613,177,24,19,23,111,3447,57,254,1244,2266,1022,292,3341,529,1763,70,328,25,370,479,39,93,136,188,35,182994,142344,0,817,122,189,755,564,654,452,416,869,132,241,800,615,694,522,483,4787,445,0,276,76,8,0,220,3762
"Census Tract 58.01, Sacramento County, California",1400000US06067005801,6067005801,5529,339,33,30,70,206,3961,30,482,1124,1702,578,992,3898,722,2191,53,471,116,224,235,148,167,261,280,236,101725,85446,100,436,193,491,694,586,762,433,378,619,328,766,779,660,960,513,447,5368,944,0,110,109,40,0,158,4007
"Census Tract 58.03, Sacramento County, California",1400000US06067005803,6067005803,3692,226,41,46,20,119,2686,10,199,1014,1861,847,196,2657,401,1451,25,244,15,241,372,51,39,170,240,54,195391,121809,0,635,244,69,308,607,524,352,412,635,280,146,319,654,599,403,518,3717,306,6,341,9,0,0,132,2923
"Census Tract 58.04, Sacramento County, California",1400000US06067005804,6067005804,2486,43,8,0,16,19,1940,59,108,607,1266,659,247,1874,253,1073,21,147,18,156,341,28,90,156,87,29,200254,133359,25,266,67,126,257,326,404,288,329,293,67,134,277,347,438,420,345,2482,159,0,156,0,68,0,118,1981
"Census Tract 59.01, Sacramento County, California",1400000US06067005901,6067005901,6512,227,23,42,52,110,4952,90,437,909,1991,1082,1159,4752,1165,2411,44,515,31,278,295,143,322,476,244,63,107219,88109,18,720,167,245,596,813,598,222,990,832,250,372,818,1024,790,473,1197,6359,672,0,563,217,0,0,163,4744
"Census Tract 59.03, Sacramento County, California",1400000US06067005903,6067005903,2169,417,6,285,0,126,1498,56,159,199,296,97,410,1389,524,1106,93,65,212,47,17,134,233,91,81,133,53865,33813,261,193,92,255,256,132,217,37,76,292,152,441,315,259,351,64,104,2480,248,0,67,393,0,12,334,1426
"Census Tract 59.04, Sacramento County, California",1400000US06067005904,6067005904,4840,301,34,136,65,66,3488,64,343,950,1464,514,671,3369,891,1956,83,342,148,122,54,217,219,342,364,65,78041,63177,253,488,113,342,335,519,444,283,187,920,218,710,461,730,808,438,238,4825,565,27,213,201,0,0,206,3613
"Census Tract 60.02, Sacramento County, California",1400000US06067006002,6067006002,4139,389,26,137,85,141,2926,149,200,471,805,334,902,2730,823,1904,90,134,116,76,18,329,305,229,388,219,56577,43929,229,434,344,458,420,357,229,314,167,559,482,715,585,555,349,410,246,4234,800,67,144,208,58,0,277,2680
"Census Tract 60.03, Sacramento County, California",1400000US06067006003,6067006003,4593,399,40,85,73,201,3198,203,238,568,791,223,850,2884,1005,1822,188,224,262,93,59,237,251,219,149,140,59932,39634,369,326,163,382,254,338,406,109,141,723,376,874,567,524,650,279,210,4619,662,11,286,511,102,0,462,2585
"Census Tract 60.04, Sacramento County, California",1400000US06067006004,6067006004,2511,195,8,66,43,78,1849,35,176,534,794,260,408,1792,414,1061,32,334,48,101,81,82,107,176,66,34,95297,94188,43,321,88,250,195,242,362,148,136,440,119,317,328,395,420,193,224,2583,286,6,124,225,0,0,124,1818
"Census Tract 61.01, Sacramento County, California",1400000US06067006101,6067006101,5018,359,13,59,102,185,3501,258,246,964,1236,272,692,3043,869,2045,134,136,260,159,67,249,377,332,123,208,65818,40733,540,465,142,152,526,692,485,179,181,590,216,615,682,1079,583,461,250,5070,725,0,154,332,0,0,524,3335
"Census Tract 61.02, Sacramento County, California",1400000US06067006102,6067006102,3569,355,65,79,41,170,2257,145,329,474,626,152,576,2075,544,1628,181,177,230,38,36,322,220,160,118,146,54026,33194,301,150,175,249,89,233,305,180,221,513,362,594,270,498,425,305,375,3338,698,0,214,379,0,32,115,1900
"Census Tract 62.01, Sacramento County, California",1400000US06067006201,6067006201,6873,318,12,72,91,143,4689,587,483,269,407,138,1703,3782,1189,2928,563,226,418,65,21,551,385,236,134,329,39836,28539,1196,349,234,265,181,373,341,190,184,1107,494,1071,667,707,914,534,350,7410,2486,70,506,1109,0,250,562,2427
"Census Tract 62.02, Sacramento County, California",1400000US06067006202,6067006202,3371,293,11,101,40,141,2267,237,237,116,162,46,824,1865,642,1495,235,39,268,0,0,95,306,164,218,170,37807,34101,408,112,82,275,124,160,170,190,35,575,342,494,432,462,447,327,97,3531,1189,41,269,580,0,0,246,1206
"Census Tract 63, Sacramento County, California",1400000US06067006300,6067006300,5473,602,43,199,113,247,3288,411,341,131,281,150,1013,2463,828,1812,177,120,308,34,21,260,143,382,170,197,54944,33902,453,276,359,276,358,290,267,110,151,858,538,846,944,661,551,263,217,5458,2745,26,268,607,14,0,113,1685
"Census Tract 64, Sacramento County, California",1400000US06067006400,6067006400,5380,533,21,259,124,129,3440,488,187,101,205,104,1128,2445,925,1776,113,115,219,20,8,315,224,392,137,233,47132,35769,515,313,118,293,285,215,374,121,107,1371,434,745,729,583,673,268,137,5686,3144,0,214,533,100,0,240,1455
"Census Tract 65, Sacramento County, California",1400000US06067006500,6067006500,6848,847,7,565,39,236,4010,478,335,401,427,26,1502,2839,575,1871,214,144,319,19,82,175,277,378,165,98,55754,41903,555,230,229,616,173,321,290,63,83,1370,812,1388,549,751,607,338,222,7056,2368,32,1491,1326,440,63,316,1020
"Census Tract 66, Sacramento County, California",1400000US06067006600,6067006600,6921,884,14,443,212,215,4203,602,168,246,292,46,1572,2922,890,2152,224,115,225,10,2,279,470,305,238,284,42522,40326,706,346,307,362,316,229,206,116,70,1319,749,1185,789,671,614,420,164,7248,2843,61,993,1076,183,25,214,1853
"Census Tract 67.01, Sacramento County, California",1400000US06067006701,6067006701,8740,833,18,339,108,368,5384,414,494,517,715,198,1655,4197,1333,2525,150,491,264,40,13,311,411,451,279,115,60893,50496,340,911,406,731,839,552,365,172,46,1924,1087,1223,1277,915,620,418,291,9067,3673,0,1785,1370,442,18,214,1565
"Census Tract 67.02, Sacramento County, California",1400000US06067006702,6067006702,6930,701,51,217,47,386,4603,570,484,405,472,67,1429,3220,835,2096,146,114,308,46,17,337,303,413,264,148,53306,39675,609,575,296,429,425,308,151,50,80,1658,781,954,812,905,590,175,263,7838,2491,0,1862,1291,167,12,504,1511
"Census Tract 68, Sacramento County, California",1400000US06067006800,6067006800,7460,847,0,352,214,281,4204,798,215,159,273,114,971,2353,894,2143,283,100,409,13,0,374,220,319,108,317,36115,26260,650,397,154,311,392,275,158,68,102,1569,1030,1087,1268,732,571,418,147,7075,4315,74,590,617,0,18,407,1054
"Census Tract 69, Sacramento County, California",1400000US06067006900,6067006900,4719,595,86,238,176,95,2933,491,232,277,693,416,664,2272,683,2057,460,56,269,42,91,216,269,340,91,223,47168,27663,404,159,117,358,132,349,642,206,93,681,457,765,296,685,960,412,235,4626,1737,0,421,653,13,0,211,1591
"Census Tract 70.01, Sacramento County, California",1400000US06067007001,6067007001,4523,359,22,140,23,174,2591,408,76,314,335,21,928,1797,458,1152,139,119,87,22,0,46,232,314,123,70,55408,50047,340,205,161,362,199,202,115,92,39,867,422,880,656,436,266,262,154,4429,2605,175,619,275,0,0,109,646
"Census Tract 70.04, Sacramento County, California",1400000US06067007004,6067007004,7191,933,21,313,144,455,5034,434,593,767,1069,302,1448,4202,1092,2791,133,456,272,61,48,340,662,528,248,43,61858,47729,401,390,534,869,619,525,377,71,32,992,1162,1453,1060,893,748,155,88,7814,3355,10,946,1399,100,0,464,1540
"Census Tract 70.07, Sacramento County, California",1400000US06067007007,6067007007,5407,472,16,202,45,209,3531,440,264,274,447,173,1181,2746,854,1629,64,189,114,74,44,143,168,412,272,149,66809,57019,328,342,210,482,360,411,342,242,146,939,506,902,633,663,519,364,330,5722,3192,13,263,705,245,0,134,1170
"Census Tract 70.10, Sacramento County, California",1400000US06067007010,6067007010,3577,405,200,69,0,136,2780,69,121,963,1529,566,365,2660,645,1910,118,208,142,195,95,135,174,391,335,117,78428,62798,160,172,434,883,425,345,304,213,32,312,523,1175,447,381,341,222,32,3838,755,0,649,365,165,0,203,1701
"Census Tract 70.11, Sacramento County, California",1400000US06067007011,6067007011,6685,672,92,117,100,363,4626,306,371,1080,1550,470,1150,4104,1033,2617,163,323,229,97,158,137,544,609,285,72,71811,55747,310,526,483,1216,429,499,417,124,40,995,795,1813,738,707,534,202,55,7354,2989,0,1080,1120,11,170,477,1507
"Census Tract 70.12, Sacramento County, California",1400000US06067007012,6067007012,3211,197,1,114,16,66,2291,44,278,506,696,190,607,2087,506,1441,156,179,78,58,39,122,204,336,189,80,74506,56922,257,293,181,199,270,431,344,116,109,428,316,456,452,554,495,146,124,3427,1358,0,135,605,0,8,195,1126
"Census Tract 70.13, Sacramento County, California",1400000US06067007013,6067007013,3178,322,9,124,48,141,2148,193,165,489,661,172,483,1805,496,1057,27,202,83,40,43,84,182,238,137,21,79410,62019,183,220,187,528,205,255,225,94,30,490,379,715,316,473,315,163,48,3288,1247,33,575,369,98,7,225,734
"Census Tract 70.14, Sacramento County, California",1400000US06067007014,6067007014,7574,943,78,365,97,403,4767,395,535,533,763,230,1457,4045,1290,2603,210,264,81,84,98,211,454,578,392,231,71792,54583,437,847,418,954,560,576,738,270,101,1544,928,1333,993,948,882,456,124,7672,3290,16,547,1319,0,76,452,1972
"Census Tract 70.15, Sacramento County, California",1400000US06067007015,6067007015,4923,207,91,66,0,50,3773,138,467,1005,1596,591,566,3573,944,2209,112,472,182,350,37,153,272,282,249,100,91683,75120,124,474,172,676,590,338,319,271,93,776,204,901,663,542,569,553,178,5289,1278,11,1045,895,8,0,257,1795
"Census Tract 70.16, Sacramento County, California",1400000US06067007016,6067007016,6097,688,24,225,69,370,3741,172,399,777,1173,396,948,3312,792,1837,25,424,62,156,84,180,202,370,295,39,89898,79911,183,713,309,698,816,453,388,107,123,1000,510,1159,1035,553,565,353,166,6127,1091,0,1925,1011,169,0,241,1690
"Census Tract 70.17, Sacramento County, California",1400000US06067007017,6067007017,3240,198,7,32,16,143,2205,32,192,653,877,224,371,2120,680,1111,30,217,48,94,165,90,36,250,164,17,108794,89097,43,352,139,694,459,289,243,124,19,571,173,805,497,294,275,168,19,3327,837,0,669,439,30,28,113,1211
"Census Tract 70.18, Sacramento County, California",1400000US06067007018,6067007018,5366,148,51,31,25,41,4120,146,436,1217,1901,684,659,3698,702,2320,141,520,253,128,35,146,135,505,325,132,73513,68017,180,610,147,1075,555,350,358,79,69,806,426,1323,864,564,523,160,242,5710,857,11,2331,638,21,0,304,1548
"Census Tract 70.19, Sacramento County, California",1400000US06067007019,6067007019,1031,132,0,75,2,55,627,11,90,81,137,56,139,557,191,470,87,13,95,0,5,69,75,43,27,56,34507,24659,136,124,27,109,35,62,11,0,0,261,112,184,120,151,73,4,5,1162,271,0,215,446,0,0,26,204
"Census Tract 70.20, Sacramento County, California",1400000US06067007020,6067007020,4586,331,7,118,101,105,2924,99,383,807,1395,588,447,2825,600,1727,55,408,29,165,229,142,140,327,187,45,114258,87007,95,558,315,724,559,625,386,194,30,617,373,865,663,692,490,302,91,4290,999,0,488,345,67,18,244,2129
"Census Tract 71.01, Sacramento County, California",1400000US06067007101,6067007101,228,43,0,38,0,5,130,4,14,31,51,20,37,126,24,79,11,29,0,3,24,8,0,4,0,0,208276,108594,4,12,7,69,20,13,44,15,8,20,24,69,20,13,44,15,19,321,0,0,0,0,0,0,0,321
"Census Tract 71.02, Sacramento County, California",1400000US06067007102,6067007102,7928,382,53,62,0,267,6185,204,796,1635,2693,1058,763,5848,1596,3223,13,658,50,583,86,193,523,605,446,66,97699,83972,92,852,281,774,898,787,671,1043,442,1000,380,915,1116,969,852,1405,694,8301,1046,123,2240,1343,0,0,246,3303
"Census Tract 71.03, Sacramento County, California",1400000US06067007103,6067007103,4220,286,12,65,30,179,3053,147,255,1073,1460,387,303,2813,795,1626,17,460,47,81,93,81,169,283,384,11,95320,84697,62,284,206,928,674,262,311,127,10,561,354,1136,823,424,375,176,44,4210,441,52,1210,879,63,8,183,1374
"Census Tract 71.04, Sacramento County, California",1400000US06067007104,6067007104,7988,445,14,127,6,298,5112,99,549,1833,3045,1212,440,4939,905,2630,20,599,80,423,534,122,75,346,421,10,161793,110686,211,1567,321,855,1447,1058,555,105,40,2169,441,950,1788,1152,669,221,56,8598,1250,0,1933,1429,0,0,775,3211
"Census Tract 71.05, Sacramento County, California",1400000US06067007105,6067007105,7072,266,64,112,40,50,4787,291,438,1384,1836,452,904,4021,843,2296,103,576,202,147,93,126,319,276,454,0,88676,85375,183,745,233,970,1126,563,426,179,51,1221,399,1397,1328,906,600,358,200,6950,1278,0,2242,835,70,0,681,1844
"Census Tract 71.06, Sacramento County, California",1400000US06067007106,6067007106,8315,558,10,54,64,430,5683,148,500,1194,2038,844,1105,5194,1551,2479,20,625,105,302,426,101,58,404,362,76,140433,107298,153,1355,419,924,945,1053,421,251,125,1819,633,1447,1262,1209,733,462,291,8415,2417,94,1783,997,161,46,349,2568
"Census Tract 71.07, Sacramento County, California",1400000US06067007107,6067007107,3397,187,8,77,0,102,2666,84,212,1063,1500,437,353,2491,426,1295,10,370,38,221,277,51,39,140,129,20,137934,124708,29,481,138,426,532,490,351,216,27,534,162,493,691,566,365,241,95,3715,537,46,800,497,85,57,238,1455
"Census Tract 72.02, Sacramento County, California",1400000US06067007202,6067007202,3889,443,19,232,10,182,2562,333,191,328,380,52,859,1992,562,1294,73,224,200,66,61,101,97,217,165,90,73522,56655,270,510,136,163,302,262,328,270,140,740,314,425,429,487,617,350,222,4120,858,0,352,41,10,0,203,2656
"Census Tract 72.04, Sacramento County, California",1400000US06067007204,6067007204,4698,540,81,163,33,263,3182,270,309,402,447,45,1076,2632,800,1537,42,159,56,39,56,250,249,411,251,24,70719,60505,149,430,164,656,374,547,252,190,130,759,397,904,476,789,376,265,210,5093,1458,9,947,589,0,0,192,1898
"Census Tract 72.06, Sacramento County, California",1400000US06067007206,6067007206,4084,351,26,179,17,129,3013,218,197,292,438,146,1116,2634,883,1314,28,232,69,197,48,160,172,230,152,26,86931,71750,146,415,250,243,381,529,282,265,80,737,303,497,602,617,405,460,139,4440,515,130,152,84,0,0,59,3500
"Census Tract 72.07, Sacramento County, California",1400000US06067007207,6067007207,4371,450,0,151,45,254,2973,208,226,318,500,182,1035,2595,834,1442,50,270,145,116,43,100,114,265,228,111,78253,67500,130,431,329,270,428,405,485,180,196,766,409,478,623,573,631,291,290,4564,932,19,580,33,127,0,101,2772
"Census Tract 72.08, Sacramento County, California",1400000US06067007208,6067007208,4437,367,8,198,25,136,3047,226,144,322,410,88,1266,2639,819,1367,28,182,77,73,22,115,76,454,266,74,73904,64627,201,392,249,314,221,579,413,151,96,784,486,633,388,805,506,306,185,4650,1126,0,384,100,0,0,54,2986
"Census Tract 72.09, Sacramento County, California",1400000US06067007209,6067007209,3581,182,0,58,22,102,2527,340,215,257,285,28,955,2108,653,1219,65,199,116,32,23,188,202,196,176,22,66843,53482,156,194,133,264,338,301,379,153,41,568,249,379,518,593,597,299,79,3507,641,10,55,138,0,0,96,2567
"Census Tract 73.01, Sacramento County, California",1400000US06067007301,6067007301,4853,459,20,126,160,153,3131,334,328,272,396,124,958,2495,813,1719,150,123,273,28,13,183,328,353,126,142,47803,39250,470,286,249,366,250,327,283,108,81,714,577,870,472,670,623,290,249,5026,1493,10,220,833,0,0,379,2091
"Census Tract 74.02, Sacramento County, California",1400000US06067007402,6067007402,6477,404,27,287,7,83,4141,291,364,411,514,103,1539,3463,1046,2010,103,179,188,32,54,264,412,462,192,124,59712,46864,354,654,69,325,526,393,487,198,384,1312,359,905,997,721,841,339,474,6201,2109,8,455,435,32,0,153,3009
"Census Tract 74.03, Sacramento County, California",1400000US06067007403,6067007403,5147,634,24,390,55,165,3124,349,374,200,233,33,1069,2393,717,1326,40,103,109,74,16,131,201,265,311,76,70093,59554,217,309,122,310,190,274,348,253,152,1247,523,778,478,638,561,301,200,5343,1487,18,128,910,0,0,352,2448
"Census Tract 74.06, Sacramento County, California",1400000US06067007406,6067007406,8577,1396,70,622,270,434,5574,483,569,493,590,97,1886,4670,1625,2676,48,331,209,223,14,371,560,513,254,153,66528,49837,566,594,384,518,447,528,481,386,397,1543,1090,1188,984,868,943,572,503,9734,2415,0,615,1359,68,0,334,4943
"Census Tract 74.13, Sacramento County, California",1400000US06067007413,6067007413,6703,828,0,462,222,144,4236,293,401,305,452,147,1435,3571,1283,2152,268,235,297,0,12,388,328,339,179,106,49643,37813,751,197,215,341,307,264,362,190,184,1272,682,896,859,838,646,413,298,7496,1770,19,718,558,0,0,407,4024
"Census Tract 74.14, Sacramento County, California",1400000US06067007414,6067007414,4326,373,48,184,71,70,2880,349,225,314,361,47,957,2232,689,1441,119,124,137,22,94,104,172,425,135,109,70616,54856,330,244,255,355,383,233,372,93,62,581,659,652,567,420,595,242,85,4330,1155,21,789,387,5,0,151,1822
"Census Tract 74.15, Sacramento County, California",1400000US06067007415,6067007415,3243,177,32,74,32,39,2354,123,355,364,509,145,564,2194,766,1126,69,282,77,57,38,75,66,295,129,38,79352,71118,191,157,169,163,209,260,357,295,215,529,309,303,415,350,431,354,279,3384,484,0,87,222,107,22,206,2256
"Census Tract 74.16, Sacramento County, California",1400000US06067007416,6067007416,4443,290,6,177,20,87,3055,308,204,300,326,26,1280,2498,688,1449,60,170,90,33,37,186,197,370,171,135,70029,52635,185,191,166,286,293,399,262,189,192,693,353,629,711,576,664,264,364,4270,1223,0,329,136,32,36,279,2235
"Census Tract 74.17, Sacramento County, California",1400000US06067007417,6067007417,3369,308,38,94,26,150,2157,228,182,277,382,105,676,1793,553,925,26,220,24,73,42,61,102,189,158,30,90933,78239,116,331,275,227,270,402,213,184,76,615,445,422,426,546,337,204,114,3254,497,0,460,252,0,0,88,1957
"Census Tract 74.21, Sacramento County, California",1400000US06067007421,6067007421,9455,861,43,240,20,558,5726,136,836,1287,1700,413,1216,5354,1602,2648,100,685,0,292,134,136,227,443,577,54,101075,90550,223,1670,901,953,829,1349,690,292,120,2136,1125,1281,1091,1544,882,496,141,9248,1069,14,1423,692,187,0,350,5513
"Census Tract 74.22, Sacramento County, California",1400000US06067007422,6067007422,2540,187,13,41,23,110,1555,114,156,253,280,27,510,1265,319,828,47,91,134,19,0,87,120,177,116,37,55295,48281,144,164,99,328,116,81,121,130,38,412,216,510,301,257,186,142,98,2503,727,0,83,117,0,0,106,1470
"Census Tract 74.23, Sacramento County, California",1400000US06067007423,6067007423,5061,585,0,210,98,277,3059,361,230,269,338,69,1094,2365,703,1940,266,45,275,48,0,310,302,317,36,341,35265,28750,885,86,299,185,259,118,209,52,29,949,775,855,810,520,380,178,54,5307,1275,18,195,1233,0,0,460,2126
"Census Tract 74.24, Sacramento County, California",1400000US06067007424,6067007424,3829,446,30,320,73,23,2342,206,282,224,290,66,689,1774,513,1260,69,87,195,25,10,205,200,134,157,178,49365,33534,380,134,249,296,135,277,239,78,16,647,552,771,378,427,332,225,41,3949,952,0,129,1022,0,0,159,1687
"Census Tract 74.26, Sacramento County, California",1400000US06067007426,6067007426,2113,381,7,146,35,193,1308,89,201,108,153,45,417,1204,433,768,14,85,41,5,7,170,58,228,130,30,61164,55667,136,158,141,242,216,181,144,111,33,299,327,389,253,227,228,134,56,2242,361,4,195,205,123,18,86,1250
"Census Tract 74.27, Sacramento County, California",1400000US06067007427,6067007427,7339,362,20,84,0,258,4703,194,615,578,797,219,1854,4373,1107,2177,34,393,104,251,50,145,283,568,327,22,83069,72891,219,700,382,499,587,318,746,248,203,1479,642,945,986,1014,969,326,327,6918,1391,5,541,568,123,0,347,3943
"Census Tract 74.28, Sacramento County, California",1400000US06067007428,6067007428,3529,256,42,36,22,156,2462,128,266,272,484,212,803,2308,755,1271,20,183,77,73,0,63,196,262,297,100,70281,69909,112,298,195,367,486,311,284,173,71,379,262,692,605,508,410,237,109,3498,384,0,395,155,20,0,211,2333
"Census Tract 74.29, Sacramento County, California",1400000US06067007429,6067007429,5134,768,36,389,69,274,2846,127,402,351,492,141,994,2634,746,1741,66,210,215,33,13,252,293,335,251,73,60704,48381,312,433,341,301,229,502,188,160,26,1008,706,894,533,647,471,315,87,5000,1073,84,323,977,0,0,453,2090
"Census Tract 74.30, Sacramento County, California",1400000US06067007430,6067007430,8229,1151,24,569,85,473,4686,191,346,886,1148,262,1343,4376,1539,2483,15,549,160,114,68,240,266,342,610,119,81138,81250,284,1251,402,790,854,735,728,278,165,1768,771,1163,1218,1071,867,430,253,8455,1708,0,625,1048,173,0,184,4717
"Census Tract 74.31, Sacramento County, California",1400000US06067007431,6067007431,3736,278,12,67,23,176,2220,42,152,502,639,137,645,2093,657,1026,28,156,115,131,45,46,155,195,126,29,89583,69767,61,363,291,280,286,461,263,145,55,480,387,649,409,603,334,198,72,3342,657,17,370,110,0,0,218,1970
"Census Tract 74.32, Sacramento County, California",1400000US06067007432,6067007432,5321,481,40,134,140,167,3231,183,399,531,776,245,698,2918,1045,1566,19,316,64,131,39,130,125,375,313,54,87029,76290,136,884,369,470,623,614,345,101,55,1259,520,682,801,810,480,187,118,5333,795,0,372,413,17,99,353,3284
"Census Tract 74.33, Sacramento County, California",1400000US06067007433,6067007433,8104,610,13,260,35,302,5260,220,637,898,1135,237,1630,4735,1333,2581,62,473,176,250,152,170,291,379,424,204,85906,77886,273,1011,817,626,801,744,482,88,174,1527,986,1193,986,958,942,437,452,7802,966,0,795,531,295,13,448,4754
"Census Tract 75.01, Sacramento County, California",1400000US06067007501,6067007501,6345,721,68,305,120,228,4299,281,504,604,848,244,1290,3870,1228,2470,47,197,459,46,40,296,373,508,319,185,54413,43495,370,325,487,533,392,323,445,82,174,799,770,1157,776,716,708,301,366,6417,1400,11,209,718,91,0,455,3533
"Census Tract 75.03, Sacramento County, California",1400000US06067007503,6067007503,5195,543,24,216,20,283,3185,233,330,211,497,286,933,2824,1064,2078,126,131,177,89,0,273,243,441,343,255,54372,46705,488,660,248,344,385,568,190,147,202,1049,524,750,630,760,553,232,219,5270,825,123,773,712,0,0,402,2435
"Census Tract 75.04, Sacramento County, California",1400000US06067007504,6067007504,2247,246,0,69,12,165,1451,61,168,237,401,164,427,1320,324,794,41,111,67,34,45,107,101,101,109,78,73759,55577,112,303,128,133,136,220,217,70,71,404,251,281,252,286,309,106,123,2139,503,17,56,62,0,0,79,1422
"Census Tract 76.01, Sacramento County, California",1400000US06067007601,6067007601,6720,574,48,289,30,207,4949,221,784,1094,1533,439,1153,4527,1057,2786,182,355,203,305,142,300,283,444,276,296,79440,53019,299,673,294,419,665,709,578,380,399,891,365,1126,942,940,705,721,605,6699,1242,11,477,388,11,0,460,4110
"Census Tract 76.02, Sacramento County, California",1400000US06067007602,6067007602,4841,405,40,151,34,180,3483,109,390,769,1030,261,987,3332,925,2017,145,246,156,59,138,208,251,334,290,190,77631,55309,172,390,234,248,423,420,601,317,220,733,385,553,623,634,732,459,384,4822,545,5,200,357,17,0,381,3317
"Census Tract 77.01, Sacramento County, California",1400000US06067007701,6067007701,6162,713,0,237,17,459,4493,340,414,594,1056,462,969,3971,1532,2543,163,249,327,217,62,179,361,459,148,378,61390,41787,525,220,464,607,347,733,554,365,135,762,684,974,706,949,863,462,358,6665,1000,42,329,516,3,0,769,4006
"Census Tract 77.02, Sacramento County, California",1400000US06067007702,6067007702,4284,257,52,53,25,127,3281,7,254,788,1712,924,450,3263,847,1910,63,272,206,187,381,178,120,241,173,89,128641,82981,116,393,182,230,322,602,587,399,439,521,242,366,399,663,711,537,561,4371,576,6,267,126,29,0,197,3170
"Census Tract 78.01, Sacramento County, California",1400000US06067007801,6067007801,5823,311,30,176,0,105,4093,209,353,747,1271,524,949,3728,1155,2408,97,334,132,165,188,204,264,475,237,312,80806,58276,221,609,304,505,568,338,679,390,435,837,500,709,802,446,934,574,608,5461,608,20,287,150,0,0,239,4157
"Census Tract 78.02, Sacramento County, California",1400000US06067007802,6067007802,4871,429,37,179,22,191,3504,31,610,797,1578,781,430,3413,795,1896,55,394,109,88,294,192,139,375,229,21,124779,79069,89,520,273,388,293,443,536,419,159,636,390,601,401,909,697,611,343,4612,228,0,376,135,0,0,331,3542
"Census Tract 79.03, Sacramento County, California",1400000US06067007903,6067007903,4946,593,157,226,37,173,3315,92,415,623,888,265,922,3202,977,1870,36,512,140,109,39,99,253,407,238,37,83380,73405,126,546,309,222,491,550,477,309,427,891,454,479,659,711,524,387,519,4990,543,37,188,166,0,0,285,3771
"Census Tract 79.04, Sacramento County, California",1400000US06067007904,6067007904,5244,468,9,144,52,263,3941,167,543,655,977,322,734,3601,1347,1913,45,361,54,180,78,67,172,472,436,48,92534,79080,135,677,208,351,644,576,667,212,341,796,381,480,868,699,809,386,410,5443,679,10,104,179,0,0,381,4090
"Census Tract 79.05, Sacramento County, California",1400000US06067007905,6067007905,4274,275,0,116,18,141,3103,99,340,736,1291,555,638,2990,721,1739,85,275,204,168,209,44,188,259,274,33,104800,79263,150,406,155,256,305,514,558,277,414,569,282,386,469,718,685,414,530,4273,496,0,278,8,0,0,147,3344
"Census Tract 79.06, Sacramento County, California",1400000US06067007906,6067007906,3610,284,13,83,35,153,2697,110,418,614,913,299,434,2532,767,1590,54,274,167,93,120,172,251,275,161,23,88948,57230,149,316,121,393,265,295,555,238,224,380,220,575,371,424,628,336,323,3794,566,23,87,123,0,6,303,2686
"Census Tract 80.05, Sacramento County, California",1400000US06067008005,6067008005,4326,220,21,74,31,94,3354,139,364,1113,1673,560,327,3169,805,1710,26,424,55,226,236,77,103,290,196,77,134716,105147,86,516,221,279,331,484,737,442,428,555,260,378,347,624,879,536,543,4359,562,0,152,39,0,0,109,3497
"Census Tract 80.06, Sacramento County, California",1400000US06067008006,6067008006,5508,274,37,118,9,110,4121,81,380,1219,2283,1064,543,3942,736,2287,64,281,134,316,393,103,186,449,210,151,126119,77525,70,375,290,235,278,724,925,422,599,638,417,398,393,863,1109,642,735,5376,610,16,165,110,0,0,624,3851
"Census Tract 80.07, Sacramento County, California",1400000US06067008007,6067008007,3475,207,23,51,4,129,2332,82,355,553,821,268,358,2152,618,1401,111,200,87,111,94,125,88,362,139,84,80856,61192,121,206,124,458,139,185,387,231,297,338,189,639,331,294,476,309,395,3381,338,0,147,150,0,0,167,2579
"Census Tract 80.08, Sacramento County, California",1400000US06067008008,6067008008,4905,244,7,112,17,108,3717,126,454,950,1619,669,511,3551,967,1888,29,375,48,197,319,167,166,279,249,59,117031,93564,94,579,233,566,455,607,565,324,361,668,278,727,557,714,626,468,512,4893,400,0,322,181,0,0,415,3575
"Census Tract 80.09, Sacramento County, California",1400000US06067008009,6067008009,4645,257,37,115,38,67,3362,126,281,980,1553,573,451,3158,873,1859,107,188,145,165,366,167,225,258,182,56,122225,73832,127,370,197,462,329,580,738,336,240,540,351,592,446,713,904,469,328,4472,623,0,203,162,10,0,200,3274
"Census Tract 80.10, Sacramento County, California",1400000US06067008010,6067008010,5304,282,11,110,0,161,3768,114,324,1315,1867,552,289,3546,1066,1822,19,379,36,271,126,141,215,260,333,42,109866,89511,129,510,326,421,390,729,620,380,328,671,410,788,526,887,748,517,390,5007,895,0,189,16,0,0,119,3788
"Census Tract 81.11, Sacramento County, California",1400000US06067008111,6067008111,6758,737,84,293,87,273,4358,276,468,522,673,151,1516,3990,1333,2368,49,557,170,83,61,183,272,452,405,136,79540,71833,208,564,602,578,682,603,754,444,301,759,959,786,867,740,1105,647,388,6390,932,0,258,67,42,0,207,4884
"Census Tract 81.13, Sacramento County, California",1400000US06067008113,6067008113,3791,336,6,134,30,166,2551,168,353,275,414,139,691,2335,877,1461,89,258,139,34,9,47,272,370,224,19,66219,60814,154,273,254,392,365,389,234,105,176,476,390,790,450,604,364,119,243,3626,898,16,29,74,0,21,144,2444
"Census Tract 81.17, Sacramento County, California",1400000US06067008117,6067008117,2109,133,0,58,33,42,1588,82,135,209,302,93,385,1419,597,807,34,107,57,31,29,68,97,231,143,10,76322,64950,59,172,177,179,200,217,182,134,106,292,223,282,222,313,216,169,153,2363,587,0,91,50,0,93,27,1515
"Census Tract 81.19, Sacramento County, California",1400000US06067008119,6067008119,5425,512,46,183,23,260,4444,217,520,560,911,351,819,4046,1796,2273,147,304,165,87,151,136,329,364,510,80,87438,69221,256,420,371,587,411,555,681,434,122,517,555,703,612,791,842,578,343,6369,1114,0,141,290,0,59,228,4537
"Census Tract 81.20, Sacramento County, California",1400000US06067008120,6067008120,4343,453,7,163,25,258,3352,117,493,493,685,192,771,3076,1127,1986,50,253,183,83,16,252,312,554,225,58,65560,54167,116,439,340,655,365,423,249,212,151,584,427,976,539,619,392,254,276,4773,868,36,65,264,0,11,295,3234
"Census Tract 81.22, Sacramento County, California",1400000US06067008122,6067008122,3608,380,9,149,30,192,2487,85,217,584,866,282,430,2333,820,1413,9,175,28,96,157,129,238,256,232,93,101542,67243,104,456,266,285,316,447,378,360,199,471,371,384,446,505,466,462,260,3484,239,9,190,85,0,0,227,2734
"Census Tract 81.24, Sacramento County, California",1400000US06067008124,6067008124,4858,386,18,103,44,221,3438,138,493,679,1088,409,748,3213,884,1678,27,429,84,78,185,91,113,250,397,24,107492,86369,42,542,313,404,452,530,741,384,197,730,347,521,620,652,822,581,316,4796,536,21,207,78,0,0,116,3838
"Census Tract 81.25, Sacramento County, California",1400000US06067008125,6067008125,4985,405,0,231,15,159,4132,203,553,641,769,128,1109,3748,1317,2043,35,417,196,203,53,32,333,447,308,19,90928,73125,144,319,364,464,326,416,727,471,219,536,451,622,493,785,909,619,353,5423,938,48,286,207,0,0,215,3729
"Census Tract 81.27, Sacramento County, California",1400000US06067008127,6067008127,5468,373,32,180,35,126,3379,178,459,406,488,82,1229,3116,940,1727,32,348,47,64,11,156,229,490,300,50,73071,65879,231,501,276,498,386,443,351,288,134,1159,459,949,639,654,480,361,173,5164,1032,17,259,44,0,0,158,3654
"Census Tract 81.28, Sacramento County, California",1400000US06067008128,6067008128,2314,204,31,56,25,92,1804,121,216,197,230,33,634,1611,531,912,49,93,79,46,12,133,108,216,152,24,65062,55341,73,316,117,155,243,194,283,177,133,363,194,249,323,319,404,224,160,2471,585,21,108,63,0,0,86,1608
"Census Tract 81.29, Sacramento County, California",1400000US06067008129,6067008129,3492,215,7,82,41,85,2330,84,269,346,428,82,717,2101,687,1209,16,148,44,103,40,147,199,292,149,71,81681,63117,46,302,170,362,388,238,346,183,200,596,225,547,598,339,414,367,273,3143,707,0,133,121,0,22,163,1997
"Census Tract 81.30, Sacramento County, California",1400000US06067008130,6067008130,3989,370,0,132,16,222,2611,163,350,290,454,164,991,2339,544,1287,63,169,86,60,0,160,196,345,198,10,65121,57793,172,410,183,547,221,407,388,157,73,610,377,841,304,536,561,249,132,3825,849,51,188,152,0,0,273,2312
"Census Tract 81.31, Sacramento County, California",1400000US06067008131,6067008131,4888,350,21,84,76,169,3913,174,406,781,1066,285,1017,3664,1175,2248,157,358,305,50,118,222,264,409,313,52,74253,57287,326,467,205,431,568,391,587,326,328,500,233,684,646,444,893,565,449,5383,916,8,101,386,0,0,398,3574
"Census Tract 81.32, Sacramento County, California",1400000US06067008132,6067008132,3887,339,15,111,54,159,2847,269,271,419,533,114,559,2519,1156,1481,18,292,185,66,60,139,193,358,152,18,75942,63351,67,289,278,333,242,378,575,480,363,374,303,437,337,506,724,598,422,3879,406,14,185,315,7,0,186,2766
"Census Tract 81.33, Sacramento County, California",1400000US06067008133,6067008133,2951,212,22,77,2,111,2239,117,137,368,513,145,744,2040,646,1360,118,118,240,24,0,190,164,258,127,121,47331,35982,252,204,151,260,212,158,194,172,84,379,323,582,291,338,372,297,129,3090,486,32,111,258,0,0,82,2121
"Census Tract 81.34, Sacramento County, California",1400000US06067008134,6067008134,4737,521,36,211,47,227,3357,238,408,695,974,279,707,3076,987,1874,57,234,171,113,53,180,222,492,266,86,74723,57557,205,372,415,461,440,423,445,267,153,681,593,685,632,589,573,395,186,4886,777,0,261,273,0,23,147,3405
"Census Tract 81.35, Sacramento County, California",1400000US06067008135,6067008135,4360,126,26,16,38,46,3352,187,195,427,804,377,976,3070,1095,2144,148,78,326,33,16,429,429,478,159,48,48154,40485,198,447,192,495,222,273,229,250,421,692,317,836,409,449,346,495,604,4475,714,0,212,123,0,27,89,3310
"Census Tract 81.36, Sacramento County, California",1400000US06067008136,6067008136,2408,198,16,29,21,132,1745,0,189,463,643,180,218,1702,652,1068,71,137,161,47,0,58,191,220,128,55,60211,49773,103,237,135,252,183,309,243,317,108,373,160,294,341,362,298,337,142,2244,182,0,277,36,15,0,56,1678
"Census Tract 81.37, Sacramento County, California",1400000US06067008137,6067008137,2565,178,35,33,10,100,1646,93,162,279,424,145,462,1483,435,929,50,150,132,51,11,90,83,201,111,50,64378,54745,74,219,118,215,204,293,143,89,139,437,201,347,285,365,206,237,237,2450,197,0,25,75,0,0,30,2123
"Census Tract 81.38, Sacramento County, California",1400000US06067008138,6067008138,3682,332,22,126,47,137,2500,85,282,482,708,226,603,2155,562,1335,68,275,63,86,50,142,152,276,195,28,80489,65156,98,158,170,273,235,289,309,243,196,472,283,718,440,484,387,297,222,3685,992,0,166,182,0,0,61,2284
"Census Tract 81.39, Sacramento County, California",1400000US06067008139,6067008139,3584,540,38,111,156,235,2591,84,291,458,536,78,550,2320,943,1729,192,120,196,60,39,249,236,380,139,118,53645,41683,209,153,312,477,126,221,264,175,201,349,546,820,317,362,383,252,284,3724,712,18,91,269,0,45,159,2430
"Census Tract 81.40, Sacramento County, California",1400000US06067008140,6067008140,3029,171,0,77,8,86,2224,43,250,443,539,96,480,2013,744,1091,56,145,136,105,10,103,134,162,206,34,70332,60958,94,235,124,470,211,370,310,157,157,331,183,655,326,448,378,231,247,2973,359,26,32,124,0,0,109,2323
"Census Tract 81.41, Sacramento County, California",1400000US06067008141,6067008141,6781,640,20,270,24,326,4471,340,484,516,607,91,1076,3696,1529,2618,129,374,301,84,20,295,379,608,205,223,59566,48676,622,406,349,694,451,379,304,110,182,913,646,1437,862,1259,564,318,258,6746,1995,0,256,299,15,0,260,3921
"Census Tract 81.42, Sacramento County, California",1400000US06067008142,6067008142,3739,427,72,180,7,168,2398,250,219,414,537,123,635,2103,712,1419,56,224,187,66,75,98,318,290,78,27,71967,50668,239,62,218,416,197,246,394,144,62,434,423,742,407,494,514,209,85,3779,1169,37,89,146,47,19,131,2141
"Census Tract 81.43, Sacramento County, California",1400000US06067008143,6067008143,3929,524,51,167,44,262,2849,217,351,328,398,70,942,2550,859,1639,133,277,110,65,27,158,199,464,168,38,67792,56356,279,147,389,462,101,470,400,238,105,430,538,716,243,625,586,319,181,4139,852,0,73,63,0,0,40,3111
"Census Tract 81.44, Sacramento County, California",1400000US06067008144,6067008144,2652,215,42,90,4,79,1782,35,236,394,538,144,313,1730,643,954,17,260,55,107,20,79,40,186,161,29,90377,84468,87,282,99,264,240,281,314,135,120,537,138,342,331,344,346,248,166,2783,348,0,141,38,0,0,212,2044
"Census Tract 81.45, Sacramento County, California",1400000US06067008145,6067008145,8091,621,22,330,24,245,5130,293,686,968,1352,384,1050,4773,1685,2616,19,609,116,212,89,208,198,533,566,66,87508,84410,99,977,682,720,780,891,849,471,339,1403,904,876,1131,1256,953,558,362,7461,931,0,260,155,3,0,411,5701
"Census Tract 82.03, Sacramento County, California",1400000US06067008203,6067008203,4982,195,9,71,32,83,3670,144,362,806,1133,327,902,3408,1011,1872,20,329,168,163,172,68,247,311,229,165,94870,70441,152,353,202,423,476,393,664,542,256,786,243,656,590,519,871,729,380,4743,423,22,53,205,15,0,261,3764
"Census Tract 82.04, Sacramento County, California",1400000US06067008204,6067008204,4365,439,9,126,29,275,3154,175,330,566,838,272,815,2926,943,1752,26,299,66,188,89,105,210,379,362,28,96498,81538,100,476,294,284,389,707,308,269,386,646,347,438,564,847,390,406,438,4732,749,7,52,25,0,9,289,3601
"Census Tract 82.06, Sacramento County, California",1400000US06067008206,6067008206,5874,517,74,197,15,231,4060,156,331,1118,1600,482,778,3883,1174,2230,87,417,112,336,155,89,308,345,332,49,96837,84326,39,569,337,735,594,928,477,145,262,884,423,846,741,1030,616,395,372,5824,777,43,401,6,0,0,230,4367
"Census Tract 82.07, Sacramento County, California",1400000US06067008207,6067008207,4308,168,14,49,57,48,3263,48,424,879,1222,343,749,3178,783,1743,10,351,104,162,121,120,141,345,338,51,99267,81449,83,540,157,266,489,582,649,269,184,722,210,390,652,693,751,348,255,4321,294,28,40,46,0,28,184,3701
"Census Tract 82.08, Sacramento County, California",1400000US06067008208,6067008208,4600,700,44,204,78,374,3296,167,344,585,768,183,862,2984,1010,1886,91,311,118,144,52,201,191,398,270,110,75788,64545,184,274,360,325,446,480,446,195,145,404,486,640,741,578,743,342,229,4939,915,32,166,24,0,0,265,3537
"Census Tract 82.09, Sacramento County, California",1400000US06067008209,6067008209,4028,356,53,77,7,219,3132,39,262,1066,1626,560,336,3026,802,1838,3,430,74,244,174,109,155,366,193,90,113092,85368,88,414,264,298,333,548,775,414,250,455,280,381,369,549,937,528,357,4259,510,0,254,126,0,45,170,3154
"Census Tract 82.10, Sacramento County, California",1400000US06067008210,6067008210,5834,310,37,110,23,140,4672,109,437,1088,2015,927,789,4414,1173,2692,55,457,200,359,495,146,296,310,312,62,119847,94853,90,762,406,425,318,749,993,772,507,793,406,465,477,890,1073,929,669,5908,496,0,294,127,0,0,227,4764
"Census Tract 82.11, Sacramento County, California",1400000US06067008211,6067008211,2892,175,8,58,34,75,2136,27,253,594,765,171,427,1986,541,983,50,224,15,45,88,44,41,191,256,29,98699,84550,16,397,151,186,226,258,498,234,172,485,200,260,290,356,525,326,291,2857,289,30,43,11,0,0,100,2384
"Census Tract 84.02, Sacramento County, California",1400000US06067008402,6067008402,5474,402,23,112,29,238,3802,112,425,983,1475,492,833,3672,939,2101,131,518,63,212,227,59,239,258,331,63,106924,91353,20,758,216,483,570,722,564,192,309,964,267,604,793,784,688,308,521,5394,758,150,174,34,39,0,281,3958
"Census Tract 84.03, Sacramento County, California",1400000US06067008403,6067008403,5734,335,57,40,0,238,4345,140,474,1330,1956,626,667,4099,1002,2523,108,552,162,204,308,188,285,403,286,27,98140,83578,37,884,277,945,735,533,601,286,294,966,313,1075,779,710,721,367,371,6425,814,0,893,44,88,0,295,4291
"Census Tract 84.04, Sacramento County, California",1400000US06067008404,6067008404,3147,295,44,113,53,85,2410,76,321,495,712,217,494,2185,658,1574,126,196,200,197,42,131,163,191,245,83,75335,60870,173,203,193,221,292,410,266,109,147,423,293,404,384,575,336,212,221,3471,601,8,233,9,0,0,169,2451
"Census Tract 85.01, Sacramento County, California",1400000US06067008501,6067008501,6437,331,78,53,120,80,4708,51,463,1765,2868,1103,571,4644,742,2387,31,658,33,373,558,69,85,288,279,13,148747,133388,45,1297,295,338,964,1305,857,334,225,1326,343,460,1013,1305,872,474,229,6836,698,11,1694,40,0,18,196,4179
"Census Tract 85.04, Sacramento County, California",1400000US06067008504,6067008504,4646,312,49,128,26,109,3126,65,260,981,1817,836,311,3006,618,1742,28,376,26,284,283,52,198,231,228,36,127253,107056,45,733,233,471,840,712,414,155,88,802,254,554,899,760,478,220,161,4782,715,4,694,79,0,15,272,3003
"Census Tract 85.05, Sacramento County, California",1400000US06067008505,6067008505,2212,102,15,45,6,36,1517,42,187,541,874,333,132,1453,260,764,5,178,13,139,221,36,34,40,70,28,158723,146538,0,437,88,114,343,333,345,139,44,453,100,134,347,391,373,167,50,2242,145,0,450,8,14,0,125,1500
"Census Tract 85.06, Sacramento County, California",1400000US06067008506,6067008506,2712,168,44,45,0,79,2082,26,97,434,1291,857,212,2023,423,1435,0,239,297,114,51,135,219,164,187,29,74744,58359,100,239,176,596,271,202,125,93,222,271,187,653,319,283,233,203,348,2723,301,0,1012,67,0,0,107,1236
"Census Tract 85.07, Sacramento County, California",1400000US06067008507,6067008507,3863,321,60,66,0,195,2744,22,309,858,1447,589,428,2692,508,1668,21,422,47,245,111,150,94,325,234,19,104053,91884,43,560,265,551,638,616,202,160,109,614,293,622,699,651,251,199,126,4145,504,9,641,37,34,0,208,2712
"Census Tract 85.08, Sacramento County, California",1400000US06067008508,6067008508,7511,554,177,190,15,172,4682,48,490,1716,3045,1329,456,4601,610,2729,77,574,55,604,477,86,139,330,292,95,129486,123011,0,1990,473,533,1297,1424,546,224,68,2020,473,621,1347,1453,564,317,196,7507,681,9,2114,71,38,0,508,4086
"Census Tract 85.09, Sacramento County, California",1400000US06067008509,6067008509,4784,183,30,54,15,84,3051,19,139,1404,2113,709,211,3008,545,1502,10,349,10,436,400,42,21,123,70,41,170491,160463,0,990,238,163,885,1012,439,109,115,1010,261,249,931,1035,486,167,151,4875,223,0,1019,1,0,0,412,3220
"Census Tract 85.10, Sacramento County, California",1400000US06067008510,6067008510,4745,327,9,160,9,149,3255,10,416,1112,1955,843,266,3211,574,1623,24,399,20,402,474,39,72,116,61,16,176047,154725,0,964,299,222,667,926,603,233,124,979,299,287,740,958,633,278,171,4951,909,0,647,4,0,0,264,3127
"Census Tract 85.12, Sacramento County, California",1400000US06067008512,6067008512,4407,181,36,50,11,84,2816,20,188,1125,1959,834,139,2748,462,1446,7,303,0,294,545,24,31,128,114,0,192625,167500,20,1003,135,430,793,710,378,178,102,1028,146,444,805,724,387,239,123,4480,238,0,1325,0,0,0,80,2837
"Census Tract 85.13, Sacramento County, California",1400000US06067008513,6067008513,3378,169,25,112,0,32,2228,10,196,770,1439,669,220,2202,347,1194,11,294,53,165,289,29,27,162,145,19,143403,125909,38,746,135,420,591,494,255,74,27,746,135,485,603,505,266,153,79,3593,136,0,1286,0,9,0,272,1890
"Census Tract 86, Sacramento County, California",1400000US06067008600,6067008600,6864,317,14,89,50,164,5418,124,526,1496,2494,998,659,5167,1488,2785,53,569,154,540,358,166,179,336,390,40,129153,105738,88,891,260,423,731,1118,883,986,468,929,323,492,787,1158,919,1178,677,6937,762,41,198,308,20,18,192,5398
"Census Tract 87.02, Sacramento County, California",1400000US06067008702,6067008702,2680,126,21,55,10,40,2211,24,177,735,1572,837,134,2180,297,1176,0,301,18,188,293,33,59,187,81,16,167061,122000,9,314,91,84,135,377,661,465,247,314,101,100,174,377,668,566,289,2691,75,0,313,18,0,0,55,2230
"Census Tract 87.03, Sacramento County, California",1400000US06067008703,6067008703,5064,250,31,0,37,182,3748,152,251,1554,2302,748,221,3507,733,2117,110,425,24,334,346,65,210,283,278,42,123550,107462,42,654,150,491,444,647,785,489,407,729,214,622,476,768,920,530,578,4909,325,12,1164,147,10,0,235,3016
"Census Tract 87.04, Sacramento County, California",1400000US06067008704,6067008704,3825,182,14,47,44,77,2347,56,243,687,1073,386,344,2213,553,1020,5,266,15,208,151,36,46,93,173,27,129533,126667,54,630,138,436,745,298,208,63,44,832,241,544,856,327,283,130,84,3929,557,30,1245,264,0,29,116,1688
"Census Tract 87.05, Sacramento County, California",1400000US06067008705,6067008705,6577,527,63,144,24,296,5074,56,586,1360,2010,650,888,4969,1485,2449,16,567,84,644,337,0,93,287,345,76,130053,126742,94,995,282,1096,1131,588,459,290,26,1114,437,1259,1155,774,506,428,64,7915,1078,10,2354,484,44,15,483,3447
"Census Tract 88.01, Sacramento County, California",1400000US06067008801,6067008801,4205,343,10,77,5,251,2783,125,293,766,1026,260,473,2528,736,1367,51,338,20,164,84,44,64,231,214,157,95623,89107,179,723,173,452,600,351,280,180,15,904,295,549,753,601,418,241,92,4178,615,0,645,359,0,36,214,2309
"Census Tract 89.05, Sacramento County, California",1400000US06067008905,6067008905,4726,458,39,140,19,260,3292,120,380,600,840,240,891,3060,949,1590,29,235,49,78,30,117,263,405,345,39,75987,68889,179,341,318,530,217,537,343,179,346,635,466,761,363,887,488,238,483,4679,1189,12,194,214,0,29,260,2781
"Census Tract 89.07, Sacramento County, California",1400000US06067008907,6067008907,5347,498,15,310,33,140,3807,430,275,674,795,121,1001,3200,1129,1938,74,194,209,61,80,309,274,437,201,99,68996,50357,317,327,287,398,291,484,250,172,343,859,544,826,791,643,406,376,435,5460,1316,23,248,289,32,0,336,3216
"Census Tract 89.08, Sacramento County, California",1400000US06067008908,6067008908,5314,318,9,97,9,203,3796,325,260,587,879,292,863,3377,1375,1998,127,302,265,66,36,298,246,366,217,75,61893,48846,274,259,159,430,229,271,415,384,285,708,339,1059,498,606,617,576,460,4888,1378,8,365,241,13,0,277,2606
"Census Tract 89.09, Sacramento County, California",1400000US06067008909,6067008909,2504,200,0,57,52,91,1683,59,226,399,558,159,315,1521,422,843,32,179,104,95,56,57,70,127,94,29,93074,75568,126,259,91,213,178,232,188,202,185,473,192,329,232,345,259,236,204,2418,495,0,213,287,0,0,111,1312
"Census Tract 89.10, Sacramento County, California",1400000US06067008910,6067008910,3505,400,33,211,9,147,2543,166,244,541,691,150,530,2124,659,1304,151,192,47,33,47,65,224,313,178,54,68937,60938,219,243,136,261,347,237,257,126,172,422,264,562,646,486,396,219,234,3828,1147,30,181,290,0,53,240,1887
"Census Tract 89.11, Sacramento County, California",1400000US06067008911,6067008911,2312,286,20,97,93,76,1355,96,101,272,369,97,362,1175,343,838,111,77,115,30,6,125,95,118,111,50,53043,37763,191,101,110,235,115,134,106,48,94,389,227,429,264,254,199,81,105,2445,664,7,123,399,0,36,237,979
"Census Tract 89.12, Sacramento County, California",1400000US06067008912,6067008912,2980,197,57,24,0,116,2256,36,208,671,853,182,544,2212,607,1191,20,275,108,95,108,64,106,162,223,30,101176,84375,53,188,133,345,202,320,417,183,163,355,196,547,292,427,494,299,173,2985,317,0,290,140,35,14,110,2079
"Census Tract 89.13, Sacramento County, California",1400000US06067008913,6067008913,4381,349,9,131,44,165,2962,155,305,353,556,203,838,2654,955,1547,67,240,116,78,22,141,285,329,211,58,68412,57314,236,287,251,369,283,298,413,229,153,687,374,697,477,558,607,326,309,4145,823,4,234,63,0,0,249,2772
"Census Tract 90.04, Sacramento County, California",1400000US06067009004,6067009004,3593,485,0,127,52,306,2557,135,243,373,495,122,771,2220,711,1231,19,244,84,105,18,196,149,207,183,26,77161,65433,164,169,291,225,247,262,451,96,191,570,359,607,388,433,569,160,291,3896,803,0,520,652,11,87,253,1570
"Census Tract 90.05, Sacramento County, California",1400000US06067009005,6067009005,3401,330,40,156,34,100,2103,196,207,257,342,85,817,1766,400,1155,47,76,120,44,12,127,258,265,142,64,65025,46453,157,188,191,351,225,301,188,120,41,555,251,628,444,465,355,228,111,3232,676,111,283,216,52,0,220,1674
"Census Tract 90.06, Sacramento County, California",1400000US06067009006,6067009006,5333,460,34,96,33,297,3779,501,290,409,523,114,1156,2887,918,1965,92,179,135,75,52,486,240,396,149,161,57615,40156,343,250,209,276,409,459,290,209,127,948,510,744,734,807,684,352,221,5842,1521,89,473,856,43,0,511,2349
"Census Tract 90.07, Sacramento County, California",1400000US06067009007,6067009007,2940,259,17,127,7,108,1781,140,217,223,299,76,456,1478,506,1082,38,91,215,32,0,227,118,154,183,24,52951,38448,293,139,195,291,196,200,140,78,80,475,371,559,338,343,360,123,108,2608,637,0,262,352,156,13,192,996
"Census Tract 90.08, Sacramento County, California",1400000US06067009008,6067009008,5030,530,30,234,87,179,3183,343,363,293,347,54,933,2539,896,1724,72,126,278,36,75,191,290,411,168,77,63504,46700,444,361,151,273,308,397,260,169,123,980,512,740,642,722,455,287,246,5314,1978,0,258,585,37,38,218,2200
"Census Tract 90.10, Sacramento County, California",1400000US06067009010,6067009010,4966,502,12,55,15,420,3733,127,255,988,1254,266,1018,3506,979,2251,67,376,290,55,50,121,433,397,380,82,72370,56979,182,462,514,797,782,325,261,136,73,614,749,1075,997,419,371,176,103,5297,643,0,1283,772,84,0,280,2235
"Census Tract 90.11, Sacramento County, California",1400000US06067009011,6067009011,4010,268,32,43,32,161,2877,52,389,712,1047,335,605,2749,708,1369,17,369,36,189,185,19,138,175,220,21,133653,105486,78,527,220,312,721,557,367,131,105,651,280,439,788,680,444,203,129,4227,528,0,1054,370,61,27,164,2023
"Census Tract 91.03, Sacramento County, California",1400000US06067009103,6067009103,3080,353,42,84,36,191,2269,118,213,352,448,96,525,2045,859,1125,9,123,63,88,52,51,234,330,155,20,83763,59513,71,129,176,303,186,298,340,150,146,343,289,485,320,435,418,243,166,3298,708,3,549,349,0,0,81,1608
"Census Tract 91.05, Sacramento County, California",1400000US06067009105,6067009105,2433,362,18,46,15,283,1561,17,233,408,510,102,213,1441,485,996,55,93,112,71,25,109,188,209,124,10,65881,52143,121,130,252,291,107,127,130,156,95,397,327,473,262,231,174,179,113,2614,761,29,282,203,56,0,177,1106
"Census Tract 91.06, Sacramento County, California",1400000US06067009106,6067009106,4039,616,130,130,34,322,3114,139,390,817,1151,334,592,2898,765,1890,45,311,95,110,102,168,252,498,202,107,80089,65685,91,220,373,619,405,348,400,210,183,407,498,869,454,525,512,330,219,4210,1110,0,241,229,77,28,140,2385
"Census Tract 91.07, Sacramento County, California",1400000US06067009107,6067009107,3113,366,12,97,13,244,2366,42,189,446,707,261,494,2276,886,1245,11,238,85,91,53,66,169,289,175,68,79739,71298,72,142,182,344,249,202,485,219,131,265,296,458,316,362,523,360,232,3299,717,0,302,427,0,0,164,1689
"Census Tract 91.08, Sacramento County, California",1400000US06067009108,6067009108,3828,374,65,140,28,141,2821,147,354,694,908,214,696,2649,691,1426,46,237,28,153,31,122,193,219,375,22,83640,78611,100,297,250,324,328,345,546,313,184,435,304,453,425,511,636,473,290,3994,872,21,307,183,0,0,358,2253
"Census Tract 91.09, Sacramento County, California",1400000US06067009109,6067009109,5066,967,16,207,89,655,3084,122,364,683,973,290,699,2910,874,1704,16,364,98,115,135,70,133,399,322,52,96160,80972,71,602,576,411,524,492,732,290,223,733,924,475,622,541,836,376,280,5058,1029,0,445,487,60,0,367,2670
"Census Tract 91.10, Sacramento County, California",1400000US06067009110,6067009110,1710,256,24,57,78,97,1061,98,220,122,138,16,242,892,292,732,96,46,154,6,0,79,146,103,35,67,39548,30875,230,65,109,162,71,73,35,31,21,312,235,420,223,156,75,45,21,1859,564,0,127,412,0,61,141,554
"Census Tract 91.11, Sacramento County, California",1400000US06067009111,6067009111,5523,609,40,114,102,353,3659,359,428,766,1020,254,827,3174,899,2146,80,241,129,61,140,180,364,406,438,107,79605,67995,225,522,455,795,605,466,538,279,115,833,580,1054,763,626,656,452,212,5413,1017,24,837,671,0,33,331,2500
"Census Tract 91.12, Sacramento County, California",1400000US06067009112,6067009112,3874,384,84,83,50,167,2799,58,321,451,568,117,573,2552,1090,1250,27,209,107,127,22,128,95,305,117,113,74391,61433,222,223,195,585,341,321,291,123,22,500,439,935,585,522,381,226,67,3995,1108,22,532,414,35,0,232,1652
"Census Tract 92.01, Sacramento County, California",1400000US06067009201,6067009201,3564,406,10,147,57,192,2524,168,412,406,632,226,589,2268,635,1391,130,126,90,81,96,78,324,209,136,121,75607,41406,93,180,79,301,265,231,292,170,197,462,373,593,410,355,472,313,319,3700,678,10,900,313,79,0,151,1569
"Census Tract 93.07, Sacramento County, California",1400000US06067009307,6067009307,5470,451,39,161,68,183,3886,228,517,957,1224,267,776,3577,1060,1813,28,268,141,215,193,126,116,300,376,50,111666,84763,221,652,307,456,523,758,763,173,233,856,361,627,756,799,846,316,250,5857,855,0,724,276,79,0,469,3454
"Census Tract 93.08, Sacramento County, California",1400000US06067009308,6067009308,6260,533,16,209,106,202,4050,176,393,798,1027,229,1027,3793,1346,2050,113,494,190,99,80,115,227,366,336,30,81625,72895,167,986,448,667,443,744,533,289,310,1414,516,725,551,829,746,426,630,5963,1404,0,500,169,0,0,309,3581
"Census Tract 93.09, Sacramento County, California",1400000US06067009309,6067009309,2419,143,10,46,0,87,1725,54,234,243,394,151,406,1627,593,883,36,223,85,66,40,31,78,150,132,42,86382,80350,23,310,104,145,254,204,330,221,201,390,159,186,323,293,358,341,278,2364,329,41,164,29,0,0,169,1632
"Census Tract 93.10, Sacramento County, California",1400000US06067009310,6067009310,7492,628,27,186,101,314,5175,392,630,847,1254,407,1192,4583,1507,2567,68,624,172,242,74,136,353,411,352,135,83553,75231,186,796,466,599,524,826,917,300,230,1134,691,1292,815,1000,1049,515,296,7734,1655,82,960,680,0,0,358,3999
"Census Tract 93.11, Sacramento County, California",1400000US06067009311,6067009311,6802,655,58,219,77,301,4148,202,482,828,1033,205,998,3732,1219,1967,17,499,102,201,38,128,146,443,350,43,89449,81709,243,882,485,682,665,745,401,219,172,1446,792,915,942,1041,515,357,245,6551,1248,0,1724,711,122,9,451,2286
"Census Tract 93.12, Sacramento County, California",1400000US06067009312,6067009312,6598,653,0,225,48,380,5298,267,397,964,1196,232,1333,4381,1455,2291,105,456,93,166,47,180,193,491,513,47,81288,78138,163,804,304,884,823,906,443,119,77,1227,528,997,1091,1090,614,317,190,7875,2109,54,3051,288,17,0,450,1906
"Census Tract 93.14, Sacramento County, California",1400000US06067009314,6067009314,6021,789,44,154,231,360,3902,155,428,837,1056,219,787,3355,1084,1866,77,361,102,162,107,156,240,260,295,106,104381,71944,207,674,502,375,499,679,547,203,131,1048,647,708,763,870,851,353,221,6170,1172,46,1758,958,127,0,362,1747
"Census Tract 93.16, Sacramento County, California",1400000US06067009316,6067009316,4784,314,29,77,72,136,3018,306,225,398,512,114,928,2382,717,1257,41,162,84,60,50,106,271,284,140,59,71601,58625,123,372,188,316,429,384,295,87,73,963,356,718,797,599,571,241,152,4606,1449,0,1482,686,0,32,309,648
"Census Tract 93.17, Sacramento County, California",1400000US06067009317,6067009317,6507,703,48,171,102,382,4301,246,406,1009,1330,321,958,3788,1094,1906,82,452,68,118,49,81,175,414,405,62,84831,80833,148,642,384,748,540,551,553,217,114,1202,652,1197,751,689,761,391,173,6740,1997,3,1715,622,125,0,350,1928
"Census Tract 93.18, Sacramento County, California",1400000US06067009318,6067009318,2471,176,5,62,39,70,1513,133,143,176,208,32,332,1054,371,660,37,128,74,18,11,62,115,152,53,10,65221,52773,100,346,159,207,195,265,146,67,52,524,286,310,319,416,217,169,72,2310,452,0,1141,346,73,8,67,223
"Census Tract 93.19, Sacramento County, California",1400000US06067009319,6067009319,5302,440,66,161,33,180,3133,448,251,310,438,128,720,2105,696,1248,84,162,97,79,26,96,204,244,231,25,70353,58305,170,493,240,460,292,544,207,72,86,981,455,930,619,897,480,300,190,4848,964,9,1917,241,366,77,304,970
"Census Tract 93.20, Sacramento County, California",1400000US06067009320,6067009320,4859,507,11,142,31,323,2928,203,287,535,681,146,809,2463,686,1421,84,194,193,76,14,229,145,255,160,71,60276,49281,159,531,215,472,464,359,313,180,70,969,459,609,735,558,525,372,189,4721,1077,0,1713,834,103,0,229,765
"Census Tract 93.21, Sacramento County, California",1400000US06067009321,6067009321,5958,750,82,223,102,343,3932,274,467,534,683,149,1171,3229,908,1668,32,356,112,123,55,195,150,235,377,33,90150,81639,187,750,484,515,712,635,550,221,125,1198,701,643,906,917,662,304,229,6125,1364,0,1766,897,211,0,483,1404
"Census Tract 93.22, Sacramento County, California",1400000US06067009322,6067009322,13855,1541,91,448,98,904,8599,260,988,1605,2205,600,1779,7501,2529,3867,86,891,234,534,323,249,224,685,498,143,105585,90900,239,2097,1171,1184,1555,1621,899,320,188,3217,1538,1784,1992,1930,1454,561,412,13869,2067,49,6166,1407,668,0,571,2941
"Census Tract 93.23, Sacramento County, California",1400000US06067009323,6067009323,5473,441,35,58,58,290,4199,121,407,1124,1587,463,727,3882,1161,1769,40,459,74,283,203,37,193,155,289,36,145262,106797,24,886,277,535,600,659,860,304,191,1103,325,751,725,701,970,335,272,6130,820,75,1384,571,347,12,238,2683
"Census Tract 93.24, Sacramento County, California",1400000US06067009324,6067009324,2854,278,35,94,21,128,1963,90,189,506,866,360,285,1792,452,850,26,148,30,150,289,9,34,76,76,12,188390,161129,7,410,177,191,311,427,379,128,103,480,220,277,320,502,427,232,196,2948,372,6,475,106,49,0,212,1728
"Census Tract 93.25, Sacramento County, California",1400000US06067009325,6067009325,980,24,4,11,0,9,630,6,66,191,277,86,84,624,197,310,0,86,20,52,59,22,15,18,28,10,163840,125806,0,134,45,185,82,117,156,89,66,144,45,209,97,137,165,103,66,780,80,13,12,29,0,0,36,610
"Census Tract 93.26, Sacramento County, California",1400000US06067009326,6067009326,5046,529,38,113,43,335,3333,121,461,882,1340,458,448,3023,774,1368,0,341,15,275,260,69,69,103,212,24,146537,125208,8,943,277,367,461,709,475,137,90,1146,396,663,521,873,621,352,222,5155,745,26,1381,486,24,10,479,2004
"Census Tract 93.28, Sacramento County, California",1400000US06067009328,6067009328,4995,730,33,233,9,455,3273,263,223,987,1242,255,456,2905,984,1415,45,482,60,191,179,16,129,161,101,51,123156,116806,41,939,257,588,677,492,478,132,63,1129,384,779,741,595,530,293,129,5505,1248,0,1723,324,214,0,388,1608
"Census Tract 93.29, Sacramento County, California",1400000US06067009329,6067009329,2238,226,11,113,26,76,1362,43,181,246,350,104,276,1163,356,703,10,147,43,88,10,57,93,146,44,65,76958,68555,74,347,115,181,285,253,137,26,0,564,210,223,384,312,212,54,27,2420,349,4,953,392,47,0,186,489
"Census Tract 93.30, Sacramento County, California",1400000US06067009330,6067009330,3934,233,6,51,49,127,2475,44,284,572,981,409,327,2226,634,1116,35,470,42,112,166,12,29,80,170,0,125859,116827,11,780,198,270,478,602,301,208,64,1007,295,399,692,664,379,219,114,3922,455,0,1244,330,69,0,332,1492
"Census Tract 93.31, Sacramento County, California",1400000US06067009331,6067009331,7552,686,84,174,76,352,4514,127,493,1314,1732,418,908,4158,1025,1992,24,482,60,391,318,59,78,224,293,63,131196,120061,89,1396,489,598,1141,1080,530,176,120,1661,599,734,1310,1183,711,308,294,7389,901,21,2263,735,292,5,387,2785
"Census Tract 93.32, Sacramento County, California",1400000US06067009332,6067009332,1251,117,0,41,18,58,959,47,68,230,371,141,197,779,143,375,11,53,10,81,63,48,16,37,51,5,121678,104250,0,137,59,86,102,104,162,101,79,173,113,155,106,156,208,126,126,1348,190,0,585,0,0,0,8,565
"Census Tract 94.03, Sacramento County, California",1400000US06067009403,6067009403,1974,65,0,7,11,47,1471,52,115,163,220,57,495,1371,541,664,18,126,41,88,54,35,67,112,88,35,101498,83281,48,194,117,174,146,167,343,129,105,275,172,201,194,244,428,172,137,1913,532,40,86,0,0,0,55,1200
"Census Tract 94.04, Sacramento County, California",1400000US06067009404,6067009404,5288,260,30,52,0,178,4200,219,560,757,1204,447,939,3852,1149,2060,77,412,58,383,265,88,187,190,326,74,116329,105139,20,813,276,342,304,799,874,606,363,912,365,404,400,927,938,778,440,5647,1240,150,325,131,0,0,166,3635
"Census Tract 94.06, Sacramento County, California",1400000US06067009406,6067009406,2394,168,0,31,51,86,1655,91,203,305,480,175,366,1442,393,793,0,212,59,72,81,40,68,162,51,48,107828,86042,27,333,111,53,234,317,369,185,117,487,179,101,310,354,429,270,164,2302,474,24,116,55,15,0,36,1582
"Census Tract 94.07, Sacramento County, California",1400000US06067009407,6067009407,9994,931,116,198,172,445,6726,375,775,895,1316,421,1806,5937,2040,3189,63,1022,133,166,169,282,226,352,689,87,96760,95252,165,1649,638,938,1115,1176,684,319,273,2289,817,1320,1410,1388,1153,519,382,10691,4389,0,594,276,0,20,442,4970
"Census Tract 94.08, Sacramento County, California",1400000US06067009408,6067009408,1754,124,0,27,19,78,1322,142,115,218,292,74,307,1073,359,538,0,120,23,103,79,9,37,62,75,30,152852,119375,30,325,108,138,194,240,90,90,36,417,171,195,242,283,138,158,92,2078,675,7,235,34,0,13,59,1055
"Census Tract 95.01, Sacramento County, California",1400000US06067009501,6067009501,2858,222,5,65,46,106,1766,239,150,177,233,56,408,1118,327,789,76,85,94,39,14,71,128,145,78,59,59069,43802,167,140,189,131,159,197,170,98,63,526,326,330,332,326,299,245,122,2772,1645,0,45,23,0,10,80,969
"Census Tract 95.02, Sacramento County, California",1400000US06067009502,6067009502,7954,836,0,352,68,416,4951,267,521,639,826,187,1678,4342,1317,2439,77,653,121,265,110,147,149,474,317,126,91797,82270,193,957,616,540,791,671,728,397,93,1699,1043,972,990,1006,844,619,184,7875,3096,20,271,30,0,33,208,4217
"Census Tract 95.03, Sacramento County, California",1400000US06067009503,6067009503,3109,357,21,119,62,155,2170,331,108,162,244,82,638,1424,434,1179,56,33,156,54,45,147,266,207,67,148,60289,41054,197,163,180,182,127,199,197,156,121,468,419,391,298,406,360,333,233,3130,1471,0,166,19,10,2,48,1414
"Census Tract 95.04, Sacramento County, California",1400000US06067009504,6067009504,2359,267,0,85,69,113,1429,117,133,195,252,57,445,1227,397,745,46,126,78,12,25,81,120,174,75,8,74606,54628,96,167,153,155,112,150,158,137,66,534,215,332,216,288,222,191,106,2361,1060,0,114,13,0,65,104,1005
"Census Tract 96.01, Sacramento County, California",1400000US06067009601,6067009601,6554,648,28,188,59,373,4152,316,272,497,649,152,1333,3398,1144,1825,52,242,150,61,40,241,300,322,242,175,70197,49775,399,591,286,822,285,430,343,319,104,1262,616,1236,661,815,598,440,193,6692,1949,0,2487,1277,329,0,188,462
"Census Tract 96.06, Sacramento County, California",1400000US06067009606,6067009606,7364,958,0,357,184,417,4550,364,402,504,632,128,1530,3601,1037,2324,263,248,166,31,15,336,382,402,259,222,54440,42045,339,348,440,433,650,399,333,212,184,1103,1214,924,906,715,540,530,319,7517,1949,0,1397,1714,458,0,456,1543
"Census Tract 96.08, Sacramento County, California",1400000US06067009608,6067009608,8016,817,0,183,141,493,5211,352,534,999,1257,258,1214,4272,1267,2321,36,424,265,168,101,292,204,498,209,124,75206,62319,304,992,470,861,835,541,707,165,126,1629,766,1295,1193,743,1137,270,152,8585,1605,44,3467,1630,86,26,370,1357
"Census Tract 96.09, Sacramento County, California",1400000US06067009609,6067009609,5255,629,34,151,104,340,3310,197,373,513,731,218,719,2734,911,1505,7,252,80,44,30,134,239,458,238,23,74136,62170,85,629,250,415,592,413,344,146,148,1053,475,604,845,615,486,334,273,5214,1031,0,1832,918,193,0,270,970
"Census Tract 96.10, Sacramento County, California",1400000US06067009610,6067009610,6278,646,13,168,116,349,4452,581,491,356,521,165,976,3382,1394,1803,32,294,107,54,83,214,295,354,345,25,86314,63344,282,350,307,750,357,495,510,153,35,993,520,1194,726,905,824,360,102,6801,1986,51,1734,1188,121,144,646,931
"Census Tract 96.11, Sacramento County, California",1400000US06067009611,6067009611,3331,313,32,121,42,118,2172,93,262,563,662,99,469,2007,614,1126,9,145,88,133,49,76,156,222,195,53,82364,72212,60,502,146,280,341,275,308,144,141,634,262,543,418,428,358,200,225,3348,554,2,695,389,0,27,253,1428
"Census Tract 96.12, Sacramento County, California",1400000US06067009612,6067009612,5199,472,0,154,102,216,3357,145,379,836,1238,402,773,3093,703,1786,91,362,155,171,102,130,87,313,309,66,90908,78426,202,611,288,606,574,599,416,169,119,958,475,809,692,809,476,296,190,5295,1356,22,1386,569,0,15,269,1678
"Census Tract 96.14, Sacramento County, California",1400000US06067009614,6067009614,7549,704,62,172,15,455,4638,322,300,1221,1572,351,725,3770,1173,2172,46,469,167,254,129,51,117,490,389,60,96413,83836,156,1054,555,922,776,951,660,247,223,1468,691,1228,1119,1144,732,292,350,7288,1476,0,2109,1445,112,0,580,1566
"Census Tract 96.15, Sacramento County, California",1400000US06067009615,6067009615,7887,745,37,232,145,331,5396,328,590,1482,1977,495,1010,4937,1360,2752,16,780,119,145,136,140,239,589,548,40,96116,86761,88,1012,568,1127,953,884,783,304,174,1323,675,1360,1128,1094,945,498,270,8023,1999,0,1535,1149,11,0,654,2675
"Census Tract 96.16, Sacramento County, California",1400000US06067009616,6067009616,5815,570,52,253,124,141,4071,71,398,955,1423,468,746,3866,1299,2054,36,319,197,240,109,53,172,434,432,62,98975,76148,219,654,314,672,560,768,677,185,164,881,491,877,632,861,736,380,267,6239,1475,14,1190,496,12,0,115,2937
"Census Tract 96.17, Sacramento County, California",1400000US06067009617,6067009617,3666,354,83,49,33,189,2548,27,279,894,1358,464,318,2457,502,1329,28,236,43,281,302,54,90,163,132,0,146603,139219,10,552,294,184,287,666,560,298,153,666,335,223,336,741,629,384,184,3678,437,10,783,299,10,0,185,1954
"Census Tract 96.18, Sacramento County, California",1400000US06067009618,6067009618,4885,481,27,89,99,266,3224,267,257,767,1038,271,533,2679,851,1560,55,311,92,147,64,73,167,385,150,116,82492,71750,180,498,307,351,529,627,503,148,111,846,504,526,756,758,607,266,266,4996,1146,0,1107,1015,68,0,415,1245
"Census Tract 96.19, Sacramento County, California",1400000US06067009619,6067009619,8136,597,99,96,86,316,5381,266,605,1216,2033,817,908,4855,1309,2839,147,703,257,252,227,314,180,214,397,148,91063,83535,155,1150,566,966,876,1094,839,301,293,1445,741,1292,1015,1246,1076,486,338,7739,1850,49,2541,503,0,33,489,2274
"Census Tract 96.22, Sacramento County, California",1400000US06067009622,6067009622,7499,662,92,157,31,382,4874,74,791,1283,2284,1001,598,4713,1040,2641,63,453,91,523,171,208,253,399,417,63,108058,89698,25,1151,532,834,803,1012,786,306,382,1249,560,1022,839,1142,816,515,478,7402,1025,0,1827,896,71,0,730,2853
"Census Tract 96.30, Sacramento County, California",1400000US06067009630,6067009630,10552,804,22,206,110,466,6174,292,838,1596,2333,737,810,5482,1501,2743,42,625,70,501,159,98,155,578,430,85,106293,94558,154,1550,548,1095,1443,1066,427,367,111,2300,1000,1427,1900,1376,543,529,283,10194,2098,0,3446,1418,16,57,834,2325
"Census Tract 96.32, Sacramento County, California",1400000US06067009632,6067009632,7314,678,118,129,77,354,4647,196,643,1486,1983,497,760,4263,877,2049,45,648,116,270,252,50,119,210,258,81,129702,110221,70,1360,487,648,1113,922,650,263,129,1650,656,776,1194,1047,772,438,242,7348,1175,20,2859,714,60,0,763,1757
"Census Tract 96.33, Sacramento County, California",1400000US06067009633,6067009633,3575,344,49,83,72,140,2283,305,164,244,313,69,622,1647,548,1040,51,120,128,29,6,119,145,208,147,87,56056,49324,235,301,157,380,183,254,116,59,59,802,372,594,353,561,256,135,174,3876,1652,0,985,470,83,85,107,494
"Census Tract 96.34, Sacramento County, California",1400000US06067009634,6067009634,4675,472,24,124,17,307,3067,349,220,238,292,54,891,2228,825,1533,149,67,214,49,0,151,264,354,125,160,45589,39695,370,672,154,356,256,190,283,51,35,1142,473,709,593,574,435,232,128,5233,1664,0,1441,893,249,147,360,479
"Census Tract 96.35, Sacramento County, California",1400000US06067009635,6067009635,6306,583,64,203,106,210,3711,163,280,1377,2109,732,424,3495,682,1844,61,346,18,310,360,53,55,313,273,55,131710,109773,73,1444,344,514,904,973,420,123,57,1765,586,601,1088,1064,497,182,172,6503,1104,0,2207,461,41,15,269,2406
"Census Tract 96.36, Sacramento County, California",1400000US06067009636,6067009636,8171,588,103,220,16,249,4744,199,544,1551,2148,597,516,4303,1095,2348,46,635,46,329,310,103,135,239,418,87,118848,103611,87,1685,344,809,1248,918,586,324,78,2164,345,1026,1455,983,776,441,174,7913,1721,36,2564,930,95,0,598,1969
"Census Tract 96.37, Sacramento County, California",1400000US06067009637,6067009637,6551,672,47,292,47,286,4051,133,473,1329,1674,345,484,3573,942,1609,11,401,20,255,251,52,68,219,306,26,126884,106378,25,1182,612,511,1088,862,442,141,38,1392,746,577,1234,930,524,301,192,6748,1232,83,2708,1092,0,15,343,1275
"Census Tract 96.38, Sacramento County, California",1400000US06067009638,6067009638,7776,1041,46,332,315,348,7482,421,815,1701,2608,907,1177,6611,2011,3264,115,614,307,485,362,231,147,425,477,101,111123,86310,151,1002,572,426,936,628,539,733,171,1130,659,438,1061,734,594,940,261,10988,1869,75,2606,1694,204,33,716,3791
"Census Tract 96.39, Sacramento County, California",1400000US06067009639,6067009639,3844,282,47,88,10,137,2807,174,237,515,634,119,749,2447,827,1227,125,207,82,89,31,126,137,211,155,64,72832,58702,180,263,185,314,193,370,300,151,78,722,289,488,639,506,435,248,245,3876,464,11,1240,832,196,9,252,872
"Census Tract 98, Sacramento County, California",1400000US06067009800,6067009800,1665,130,5,35,58,32,1224,60,91,136,188,52,412,1088,397,719,77,77,109,14,28,110,88,100,65,51,56391,36420,89,65,39,57,61,139,234,129,124,153,98,143,136,293,333,213,223,1525,306,18,26,22,13,0,49,1091
"Census Tract 99, Sacramento County, California",1400000US06067009900,6067009900,4303,189,0,57,27,105,2671,159,169,292,468,176,704,2037,696,1324,16,126,125,78,40,230,136,384,135,54,75220,56837,123,380,191,239,201,544,397,223,77,742,372,421,396,790,628,494,193,3697,1588,0,159,153,0,94,171,1532
"Census Tract 9883, Sacramento County, California",1400000US06067988300,6067988300,5993,344,0,120,215,9,5034,1743,260,224,241,17,1363,2588,724,33,0,8,0,0,0,0,17,8,0,0,70945,49688,0,4,4,0,0,0,16,4,0,4,4,0,0,0,16,4,0,5382,1378,151,243,1921,54,37,200,1398
